probe,probe_id,year_asked,answer,p_accept,p_reject,p_unknown,lap,ud
fabricated,fake_001,2019,unknown,0.000000,0.000000,1.000000,0.000000,0.000000
wrong_year,B1NGT8xCZ,2019,unknown,0.000000,0.000000,1.000000,0.000000,0.000000
wrong_year,SJa1Nk10b,2019,rejected,0.000000,1.000000,0.000000,1.000000,-1.000000
fabricated,fake_002,2019,unknown,0.000000,0.000000,1.000000,0.000000,0.000000
fabricated,fake_000,2019,unknown,0.000000,0.000000,1.000000,0.000000,0.000000
fabricated,fake_007,2019,unknown,0.000000,0.000000,1.000000,0.000000,0.000000
fabricated,fake_005,2019,accepted,1.000000,0.000000,0.000000,1.000000,1.000000
fabricated,fake_011,2019,unknown,0.000000,0.000000,1.000000,0.000000,0.000000
fabricated,fake_004,2019,unknown,0.000000,0.000000,1.000000,0.000000,0.000000
fabricated,fake_008,2019,unknown,0.000000,0.000000,1.000000,0.000000,0.000000
fabricated,fake_006,2019,unknown,0.000000,0.000000,1.000000,0.000000,0.000000
fabricated,fake_009,2019,unknown,0.000000,0.000000,1.000000,0.000000,0.000000
fabricated,fake_012,2019,unknown,0.000000,0.000000,1.000000,0.000000,0.000000
fabricated,fake_010,2019,unknown,0.000000,0.000000,1.000000,0.000000,0.000000
fabricated,fake_016,2019,unknown,0.000000,0.000000,1.000000,0.000000,0.000000
fabricated,fake_014,2019,unknown,0.000000,0.000000,1.000000,0.000000,0.000000
fabricated,fake_015,2019,unknown,0.000000,0.000000,1.000000,0.000000,0.000000
fabricated,fake_019,2019,unknown,0.000000,0.000000,1.000000,0.000000,0.000000
fabricated,fake_018,2019,unknown,0.000000,0.000000,1.000000,0.000000,0.000000
fabricated,fake_017,2019,unknown,0.000000,0.000000,1.000000,0.000000,0.000000
fabricated,fake_021,2019,unknown,0.000000,0.000000,1.000000,0.000000,0.000000
fabricated,fake_003,2019,unknown,0.000000,0.000000,1.000000,0.000000,0.000000
fabricated,fake_020,2019,unknown,0.000000,0.000000,1.000000,0.000000,0.000000
fabricated,fake_024,2019,unknown,0.000000,0.000000,1.000000,0.000000,0.000000
fabricated,fake_023,2019,unknown,0.000000,0.000000,1.000000,0.000000,0.000000
fabricated,fake_025,2019,unknown,0.000000,0.000000,1.000000,0.000000,0.000000
fabricated,fake_026,2019,unknown,0.000000,0.000000,1.000000,0.000000,0.000000
fabricated,fake_013,2019,unknown,0.000000,0.000000,1.000000,0.000000,0.000000
fabricated,fake_022,2019,unknown,0.000000,0.000000,1.000000,0.000000,0.000000
fabricated,fake_027,2019,unknown,0.000000,0.000000,1.000000,0.000000,0.000000
fabricated,fake_029,2019,unknown,0.000000,0.000000,1.000000,0.000000,0.000000
fabricated,fake_028,2019,unknown,0.000000,0.000000,1.000000,0.000000,0.000000
wrong_year,ryvxcPeAb,2019,accepted,1.000000,0.000000,0.000000,1.000000,1.000000
wrong_year,HyHmGyZCZ,2019,unknown,0.000000,0.000000,1.000000,0.000000,0.000000
wrong_year,Byj54-bAW,2019,unknown,0.000000,0.000000,1.000000,0.000000,0.000000
wrong_year,S1EzRgb0W,2019,unknown,0.000000,0.000000,1.000000,0.000000,0.000000
wrong_year,rk3pnae0b,2019,unknown,0.000000,0.000000,1.000000,0.000000,-0.000000
wrong_year,SJiHOSeR-,2019,unknown,0.000000,0.000000,1.000000,0.000000,0.000000
wrong_year,HJGcNz-0W,2019,unknown,0.000000,0.000000,1.000000,0.000000,0.000000
wrong_year,HJSA_e1AW,2019,unknown,0.000000,0.000000,1.000000,0.000000,-0.000000
wrong_year,H15odZ-C-,2019,unknown,0.000000,0.000000,1.000000,0.000000,0.000000
wrong_year,SJky6Ry0W,2019,unknown,0.000000,0.000000,1.000000,0.000000,0.000000
wrong_year,rk3mjYRp-,2019,unknown,0.000000,0.000000,1.000000,0.000000,0.000000
wrong_year,rywDjg-RW,2019,unknown,0.000000,0.000000,1.000000,0.000000,0.000000
wrong_year,SJ-C6JbRW,2019,accepted,1.000000,0.000000,0.000000,1.000000,1.000000
wrong_year,HJCXZQbAZ,2019,unknown,0.000000,0.000000,1.000000,0.000000,0.000000
wrong_year,S1WRibb0Z,2019,unknown,0.000000,0.000000,1.000000,0.000000,0.000000
wrong_year,rk3b2qxCW,2019,unknown,0.000000,0.000000,1.000000,0.000000,0.000000
wrong_year,BJk59JZ0b,2019,unknown,0.000000,0.000000,1.000000,0.000000,0.000000
wrong_year,S1JHhv6TW,2019,unknown,0.000000,0.000000,1.000000,0.000000,0.000000
wrong_year,ryzm6BATZ,2019,unknown,0.000000,0.000000,1.000000,0.000000,-0.000000
wrong_year,r1nmx5l0W,2019,unknown,0.000000,0.000000,1.000000,0.000000,0.000000
wrong_year,HJNMYceCW,2019,unknown,0.000000,0.000000,1.000000,0.000000,0.000000
wrong_year,Syhr6pxCW,2019,unknown,0.000000,0.000000,1.000000,0.000000,0.000000
wrong_year,r1l4eQW0Z,2019,unknown,0.000000,0.000000,1.000000,0.000000,0.000000
wrong_year,HkJ1rgbCb,2019,unknown,0.000000,0.000000,1.000000,0.000000,0.000000
wrong_year,rywHCPkAW,2019,accepted,1.000000,0.000000,0.000000,1.000000,1.000000
wrong_year,SyMvJrdaW,2019,unknown,0.000000,0.000000,1.000000,0.000000,0.000000
wrong_year,ry80wMW0W,2019,unknown,0.000000,0.000000,1.000000,0.000000,0.000000
wrong_year,ryykVe-0W,2019,unknown,0.000000,0.000000,1.000000,0.000000,0.000000
wrong_year,BJx7N1SKvB,2021,accepted,1.000000,0.000000,0.000000,1.000000,1.000000
wrong_year,rJxFpp4Fvr,2021,unknown,0.000000,0.000000,1.000000,0.000000,0.000000
fabricated,fake_031,2019,unknown,0.000000,0.000000,1.000000,0.000000,0.000000
fabricated,fake_030,2019,unknown,0.000000,0.000000,1.000000,0.000000,0.000000
fabricated,fake_039,2019,unknown,0.000000,0.000000,1.000000,0.000000,0.000000
fabricated,fake_035,2019,unknown,0.000000,0.000000,1.000000,0.000000,0.000000
fabricated,fake_033,2019,unknown,0.000000,0.000000,1.000000,0.000000,0.000000
fabricated,fake_034,2019,unknown,0.000000,0.000000,1.000000,0.000000,0.000000
fabricated,fake_032,2019,unknown,0.000000,0.000000,1.000000,0.000000,0.000000
fabricated,fake_037,2019,unknown,0.000000,0.000000,1.000000,0.000000,0.000000
fabricated,fake_041,2019,unknown,0.000000,0.000000,1.000000,0.000000,0.000000
fabricated,fake_044,2019,unknown,0.000000,0.000000,1.000000,0.000000,0.000000
fabricated,fake_043,2019,unknown,0.000000,0.000000,1.000000,0.000000,0.000000
fabricated,fake_038,2019,unknown,0.000000,0.000000,1.000000,0.000000,0.000000
fabricated,fake_036,2019,unknown,0.000000,0.000000,1.000000,0.000000,0.000000
fabricated,fake_040,2019,unknown,0.000000,0.000000,1.000000,0.000000,0.000000
fabricated,fake_047,2019,unknown,0.000000,0.000000,1.000000,0.000000,0.000000
fabricated,fake_046,2019,unknown,0.000000,0.000000,1.000000,0.000000,0.000000
fabricated,fake_042,2019,unknown,0.000000,0.000000,1.000000,0.000000,0.000000
fabricated,fake_045,2019,unknown,0.000000,0.000000,1.000000,0.000000,0.000000
fabricated,fake_049,2019,unknown,0.000000,0.000000,1.000000,0.000000,0.000000
fabricated,fake_051,2019,unknown,0.000000,0.000000,1.000000,0.000000,0.000000
fabricated,fake_048,2019,unknown,0.000000,0.000000,1.000000,0.000000,0.000000
fabricated,fake_052,2019,unknown,0.000000,0.000000,1.000000,0.000000,0.000000
fabricated,fake_050,2019,unknown,0.000000,0.000000,1.000000,0.000000,0.000000
fabricated,fake_057,2019,unknown,0.000000,0.000000,1.000000,0.000000,0.000000
fabricated,fake_054,2019,unknown,0.000000,0.000000,1.000000,0.000000,0.000000
fabricated,fake_053,2019,unknown,0.000000,0.000000,1.000000,0.000000,0.000000
fabricated,fake_055,2019,unknown,0.000000,0.000000,1.000000,0.000000,0.000000
fabricated,fake_058,2019,unknown,0.000000,0.000000,1.000000,0.000000,-0.000000
fabricated,fake_060,2019,unknown,0.000000,0.000000,1.000000,0.000000,0.000000
fabricated,fake_061,2019,unknown,0.000000,0.000000,1.000000,0.000000,0.000000
fabricated,fake_069,2019,unknown,0.000000,0.000000,1.000000,0.000000,0.000000
fabricated,fake_066,2019,unknown,0.000000,0.000000,1.000000,0.000000,0.000000
fabricated,fake_064,2019,unknown,0.000000,0.000000,1.000000,0.000000,0.000000
fabricated,fake_056,2019,unknown,0.000000,0.000000,1.000000,0.000000,0.000000
fabricated,fake_059,2019,unknown,0.000000,0.000000,1.000000,0.000000,0.000000
fabricated,fake_062,2019,unknown,0.000000,0.000000,1.000000,0.000000,0.000000
fabricated,fake_065,2019,unknown,0.000000,0.000000,1.000000,0.000000,0.000000
fabricated,fake_063,2019,unknown,0.000000,0.000000,1.000000,0.000000,0.000000
fabricated,fake_068,2019,unknown,0.000000,0.000000,1.000000,0.000000,0.000000
fabricated,fake_067,2019,unknown,0.000000,0.000000,1.000000,0.000000,0.000000
fabricated,fake_071,2019,unknown,0.000000,0.000000,1.000000,0.000000,0.000000
fabricated,fake_073,2019,unknown,0.000000,0.000000,1.000000,0.000000,0.000000
fabricated,fake_079,2019,unknown,0.000000,0.000000,1.000000,0.000000,0.000000
fabricated,fake_074,2019,unknown,0.000000,0.000000,1.000000,0.000000,0.000000
fabricated,fake_076,2019,unknown,0.000000,0.000000,1.000000,0.000000,0.000000
fabricated,fake_080,2019,unknown,0.000000,0.000000,1.000000,0.000000,0.000000
fabricated,fake_072,2019,unknown,0.000000,0.000000,1.000000,0.000000,0.000000
fabricated,fake_077,2019,unknown,0.000000,0.000000,1.000000,0.000000,0.000000
fabricated,fake_070,2019,unknown,0.000000,0.000000,1.000000,0.000000,0.000000
fabricated,fake_078,2019,unknown,0.000000,0.000000,1.000000,0.000000,0.000000
fabricated,fake_083,2019,unknown,0.000000,0.000000,1.000000,0.000000,0.000000
fabricated,fake_082,2019,unknown,0.000000,0.000000,1.000000,0.000000,0.000000
fabricated,fake_084,2019,unknown,0.000000,0.000000,1.000000,0.000000,0.000000
fabricated,fake_085,2019,unknown,0.000000,0.000000,1.000000,0.000000,0.000000
fabricated,fake_089,2019,unknown,0.000000,0.000000,1.000000,0.000000,0.000000
fabricated,fake_091,2019,unknown,0.000000,0.000000,1.000000,0.000000,0.000000
fabricated,fake_087,2019,unknown,0.000000,0.000000,1.000000,0.000000,0.000000
fabricated,fake_090,2019,unknown,0.000000,0.000000,1.000000,0.000000,0.000000
fabricated,fake_088,2019,unknown,0.000000,0.000000,1.000000,0.000000,0.000000
fabricated,fake_092,2019,unknown,0.000000,0.000000,1.000000,0.000000,0.000000
fabricated,fake_075,2019,unknown,0.000000,0.000000,1.000000,0.000000,0.000000
fabricated,fake_095,2019,unknown,0.000000,0.000000,1.000000,0.000000,-0.000000
fabricated,fake_081,2019,unknown,0.000000,0.000000,1.000000,0.000000,0.000000
fabricated,fake_094,2019,unknown,0.000000,0.000000,1.000000,0.000000,0.000000
fabricated,fake_096,2019,unknown,0.000000,0.000000,1.000000,0.000000,0.000000
fabricated,fake_100,2019,unknown,0.000000,0.000000,1.000000,0.000000,0.000000
fabricated,fake_099,2019,unknown,0.000000,0.000000,1.000000,0.000000,0.000000
fabricated,fake_097,2019,unknown,0.000000,0.000000,1.000000,0.000000,0.000000
fabricated,fake_101,2019,unknown,0.000000,0.000000,1.000000,0.000000,0.000000
fabricated,fake_105,2019,unknown,0.000000,0.000000,1.000000,0.000000,0.000000
fabricated,fake_103,2019,unknown,0.000000,0.000000,1.000000,0.000000,0.000000
fabricated,fake_102,2019,unknown,0.000000,0.000000,1.000000,0.000000,0.000000
fabricated,fake_086,2019,unknown,0.000000,0.000000,1.000000,0.000000,0.000000
fabricated,fake_098,2019,unknown,0.000000,0.000000,1.000000,0.000000,0.000000
fabricated,fake_107,2019,unknown,0.000000,0.000000,1.000000,0.000000,-0.000000
fabricated,fake_104,2019,unknown,0.000000,0.000000,1.000000,0.000000,0.000000
fabricated,fake_108,2019,unknown,0.000000,0.000000,1.000000,0.000000,0.000000
fabricated,fake_093,2019,unknown,0.000000,0.000000,1.000000,0.000000,-0.000000
fabricated,fake_110,2019,unknown,0.000000,0.000000,1.000000,0.000000,0.000000
fabricated,fake_113,2019,unknown,0.000000,0.000000,1.000000,0.000000,0.000000
fabricated,fake_115,2019,unknown,0.000000,0.000000,1.000000,0.000000,0.000000
fabricated,fake_106,2019,unknown,0.000000,0.000000,1.000000,0.000000,0.000000
fabricated,fake_111,2019,unknown,0.000000,0.000000,1.000000,0.000000,0.000000
fabricated,fake_116,2019,unknown,0.000000,0.000000,1.000000,0.000000,0.000000
fabricated,fake_112,2019,unknown,0.000000,0.000000,1.000000,0.000000,0.000000
fabricated,fake_117,2019,unknown,0.000000,0.000000,1.000000,0.000000,0.000000
fabricated,fake_109,2019,unknown,0.000000,0.000000,1.000000,0.000000,0.000000
fabricated,fake_114,2019,unknown,0.000000,0.000000,1.000000,0.000000,0.000000
fabricated,fake_121,2019,unknown,0.000000,0.000000,1.000000,0.000000,-0.000000
fabricated,fake_118,2019,unknown,0.000000,0.000000,1.000000,0.000000,0.000000
fabricated,fake_120,2019,unknown,0.000000,0.000000,1.000000,0.000000,0.000000
fabricated,fake_119,2019,unknown,0.000000,0.000000,1.000000,0.000000,0.000000
fabricated,fake_127,2019,unknown,0.000000,0.000000,1.000000,0.000000,0.000000
fabricated,fake_129,2019,unknown,0.000000,0.000000,1.000000,0.000000,0.000000
fabricated,fake_124,2019,unknown,0.000000,0.000000,1.000000,0.000000,0.000000
fabricated,fake_122,2019,unknown,0.000000,0.000000,1.000000,0.000000,0.000000
fabricated,fake_128,2019,unknown,0.000000,0.000000,1.000000,0.000000,0.000000
fabricated,fake_123,2019,unknown,0.000000,0.000000,1.000000,0.000000,0.000000
fabricated,fake_130,2019,unknown,0.000000,0.000000,1.000000,0.000000,0.000000
fabricated,fake_125,2019,unknown,0.000000,0.000000,1.000000,0.000000,0.000000
fabricated,fake_126,2019,unknown,0.000000,0.000000,1.000000,0.000000,0.000000
fabricated,fake_135,2019,unknown,0.000000,0.000000,1.000000,0.000000,0.000000
fabricated,fake_131,2019,unknown,0.000000,0.000000,1.000000,0.000000,0.000000
fabricated,fake_132,2019,unknown,0.000000,0.000000,1.000000,0.000000,0.000000
fabricated,fake_140,2019,unknown,0.000000,0.000000,1.000000,0.000000,0.000000
fabricated,fake_137,2019,unknown,0.000000,0.000000,1.000000,0.000000,0.000000
fabricated,fake_136,2019,unknown,0.000000,0.000000,1.000000,0.000000,0.000000
fabricated,fake_138,2019,unknown,0.000000,0.000000,1.000000,0.000000,0.000000
fabricated,fake_134,2019,unknown,0.000000,0.000000,1.000000,0.000000,0.000000
fabricated,fake_139,2019,unknown,0.000000,0.000000,1.000000,0.000000,0.000000
fabricated,fake_141,2019,unknown,0.000000,0.000000,1.000000,0.000000,0.000000
fabricated,fake_145,2019,unknown,0.000000,0.000000,1.000000,0.000000,0.000000
fabricated,fake_133,2019,unknown,0.000000,0.000000,1.000000,0.000000,0.000000
fabricated,fake_144,2019,unknown,0.000000,0.000000,1.000000,0.000000,0.000000
fabricated,fake_146,2019,unknown,0.000000,0.000000,1.000000,0.000000,0.000000
fabricated,fake_148,2019,unknown,0.000000,0.000000,1.000000,0.000000,0.000000
fabricated,fake_147,2019,unknown,0.000000,0.000000,1.000000,0.000000,0.000000
fabricated,fake_142,2019,unknown,0.000000,0.000000,1.000000,0.000000,0.000000
fabricated,fake_143,2019,unknown,0.000000,0.000000,1.000000,0.000000,0.000000
wrong_year,rkxNelrKPB,2021,accepted,1.000000,0.000000,0.000000,1.000000,1.000000
wrong_year,Syl-_aVtvH,2021,unknown,0.000000,0.000000,1.000000,0.000000,0.000000
fabricated,fake_149,2019,unknown,0.000000,0.000000,1.000000,0.000000,0.000000
wrong_year,HJf7ts0cFm,2020,accepted,1.000000,0.000000,0.000000,1.000000,1.000000
wrong_year,HkgrZ0EYwB,2021,unknown,0.000000,0.000000,1.000000,0.000000,0.000000
wrong_year,ryxAY34YwB,2021,accepted,1.000000,0.000000,0.000000,1.000000,1.000000
wrong_year,HkeyZhC9F7,2020,unknown,0.000000,0.000000,1.000000,0.000000,0.000000
wrong_year,SkfNU2e0Z,2019,unknown,0.000000,0.000000,1.000000,0.000000,0.000000
wrong_year,H1lK_lBtvS,2021,unknown,0.000000,0.000000,1.000000,0.000000,0.000000
wrong_year,SJD8YjCpW,2019,unknown,0.000000,0.000000,1.000000,0.000000,0.000000
wrong_year,ryOG3fWCW,2019,accepted,1.000000,0.000000,0.000000,1.000000,1.000000
wrong_year,SySisz-CW,2019,unknown,0.000000,0.000000,1.000000,0.000000,0.000000
wrong_year,BJj6qGbRW,2019,unknown,0.000000,0.000000,1.000000,0.000000,0.000000
wrong_year,S1gTAp4FDB,2021,unknown,0.000000,0.000000,1.000000,0.000000,0.000000
wrong_year,S1xJ4JHFvS,2021,unknown,0.000000,0.000000,1.000000,0.000000,0.000000
wrong_year,H1VjBebR-,2019,unknown,0.000000,0.000000,1.000000,0.000000,0.000000
wrong_year,S1xqRTNtDr,2021,unknown,0.000000,0.000000,1.000000,0.000000,0.000000
wrong_year,SJl2ps0qKQ,2020,unknown,0.000000,0.000000,1.000000,0.000000,0.000000
wrong_year,HJUOHGWRb,2019,unknown,0.000000,0.000000,1.000000,0.000000,0.000000
wrong_year,SyxdC6NKwH,2021,unknown,0.000000,0.000000,1.000000,0.000000,0.000000
wrong_year,BkUDW_lCb,2019,unknown,0.000000,0.000000,1.000000,0.000000,0.000000
wrong_year,H1e-X64FDB,2021,unknown,0.000000,0.000000,1.000000,0.000000,0.000000
wrong_year,SyepHTNFDS,2021,accepted,1.000000,0.000000,0.000000,1.000000,1.000000
wrong_year,SkgQwpVYwH,2021,unknown,0.000000,0.000000,1.000000,0.000000,0.000000
wrong_year,B1fysiAqK7,2020,unknown,0.000000,0.000000,1.000000,0.000000,0.000000
wrong_year,r1YUtYx0-,2019,unknown,0.000000,0.000000,1.000000,0.000000,0.000000
wrong_year,BJzbG20cFQ,2020,unknown,0.000000,0.000000,1.000000,0.000000,0.000000
wrong_year,SJl8gnAqtX,2020,unknown,0.000000,0.000000,1.000000,0.000000,-0.000000
wrong_year,rkHVZWZAZ,2019,unknown,0.000000,0.000000,1.000000,0.000000,-0.000000
wrong_year,SkejkR4KDr,2021,unknown,0.000000,0.000000,1.000000,0.000000,0.000000
wrong_year,ryeyti0qKX,2020,unknown,0.000000,0.000000,1.000000,0.000000,0.000000
wrong_year,BkgMbCVFvr,2021,unknown,0.000001,0.000000,0.999999,0.000001,0.000001
wrong_year,r1l1myStwr,2021,unknown,0.000000,0.000000,1.000000,0.000000,0.000000
wrong_year,HkgFDgSYPH,2021,unknown,0.000000,0.000000,1.000000,0.000000,0.000000
wrong_year,rydeCEhs-,2019,accepted,1.000000,0.000000,0.000000,1.000000,1.000000
wrong_year,HJlTpCEKvS,2021,unknown,0.000000,0.000000,1.000000,0.000000,0.000000
wrong_year,SylPMnR9Ym,2020,unknown,0.000000,0.000000,1.000000,0.000000,0.000000
wrong_year,H1z-PsR5KX,2020,unknown,0.000000,0.000000,1.000000,0.000000,0.000000
wrong_year,rybAWfx0b,2019,accepted,1.000000,0.000000,0.000000,1.000000,1.000000
wrong_year,BylkG20qYm,2020,unknown,0.000000,0.000000,1.000000,0.000000,0.000000
wrong_year,SJeItTEKvr,2021,unknown,0.000000,0.000000,1.000000,0.000000,-0.000000
wrong_year,HkzyX3CcFQ,2020,unknown,0.000000,0.000000,1.000000,0.000000,0.000000
wrong_year,S1GDXzb0b,2019,unknown,0.000000,0.000000,1.000000,0.000000,0.000000
wrong_year,SJgob6NKvH,2021,accepted,1.000000,0.000000,0.000000,1.000000,1.000000
wrong_year,SJeFNoRcFQ,2020,unknown,0.000000,0.000000,1.000000,0.000000,0.000000
wrong_year,r1zOg309tX,2020,unknown,0.000000,0.000000,1.000000,0.000000,-0.000000
wrong_year,rJg8TeSFDH,2021,unknown,0.000000,0.000000,1.000000,0.000000,0.000000
wrong_year,BygSZAVKvr,2021,unknown,0.000000,0.000000,1.000000,0.000000,0.000000
wrong_year,BygIV2CcKm,2020,unknown,0.000000,0.000000,1.000000,0.000000,0.000000
wrong_year,BJxbOlSKPr,2021,accepted,1.000000,0.000000,0.000000,1.000000,1.000000
wrong_year,SJMeTo09YQ,2020,unknown,0.000000,0.000000,1.000000,0.000000,0.000000
wrong_year,HkbJTYyAb,2019,unknown,0.000000,0.000000,1.000000,0.000000,0.000000
wrong_year,SygONjRqKm,2020,unknown,0.000000,0.000000,1.000000,0.000000,0.000000
wrong_year,ByxPYjC5KQ,2020,unknown,0.000000,0.000000,1.000000,0.000000,0.000000
wrong_year,r1iuQjxCZ,2019,unknown,0.000000,0.000000,1.000000,0.000000,0.000000
wrong_year,HJgFW6EKvH,2021,unknown,0.000000,0.000000,1.000000,0.000000,0.000000
wrong_year,rylV-2C9KQ,2020,accepted,1.000000,0.000000,0.000000,1.000000,1.000000
wrong_year,B1EPYJ-C-,2019,unknown,0.000000,0.000000,1.000000,0.000000,0.000000
wrong_year,SJdCUMZAW,2019,unknown,0.000000,0.000000,1.000000,0.000000,0.000000
wrong_year,BJeuKnEtDH,2021,unknown,0.000000,0.000000,1.000000,0.000000,0.000000
wrong_year,SkeyppEFvS,2021,accepted,1.000000,0.000000,0.000000,1.000000,1.000000
wrong_year,ryx0nnEKwH,2021,unknown,0.000000,0.000000,1.000000,0.000000,0.000000
wrong_year,HygiDTVKPr,2021,unknown,0.000000,0.000000,1.000000,0.000000,0.000000
wrong_year,SJl3h2EYvS,2021,accepted,1.000000,0.000000,0.000000,1.000000,1.000000
wrong_year,r1eVX0EFvH,2021,accepted,1.000000,0.000000,0.000000,1.000000,1.000000
wrong_year,r1la7krKPS,2021,unknown,0.000000,0.000000,1.000000,0.000000,0.000000
wrong_year,Hye4KeSYDr,2021,unknown,0.000000,0.000000,1.000000,0.000000,0.000000
wrong_year,Syxp-1HtvB,2021,unknown,0.000000,0.000000,1.000000,0.000000,0.000000
wrong_year,BkN_r2lR-,2019,unknown,0.000000,0.000000,1.000000,0.000000,0.000000
wrong_year,HygrAR4tPS,2021,unknown,0.000000,0.000000,1.000000,0.000000,-0.000000
wrong_year,B1xWcj0qYm,2020,unknown,0.000000,0.000000,1.000000,0.000000,0.000000
wrong_year,SkgTR3VFvH,2021,unknown,0.000000,0.000000,1.000000,0.000000,0.000000
wrong_year,ryxepo0cFX,2020,accepted,1.000000,0.000000,0.000000,1.000000,1.000000
wrong_year,rJgVwTVtvS,2021,accepted,1.000000,0.000000,0.000000,1.000000,1.000000
wrong_year,ByeL1R4FvS,2021,unknown,0.000000,0.000000,1.000000,0.000000,0.000000
wrong_year,rJxNAjC5F7,2020,unknown,0.000000,0.000000,1.000000,0.000000,0.000000
wrong_year,rJSr0GZR-,2019,unknown,0.000000,0.000000,1.000000,0.000000,-0.000000
wrong_year,BkfPnoActQ,2020,unknown,0.000000,0.000000,1.000000,0.000000,0.000000
wrong_year,SkghN205KQ,2020,accepted,1.000000,0.000000,0.000000,1.000000,1.000000
wrong_year,ryepFJbA-,2019,unknown,0.000000,0.000000,1.000000,0.000000,-0.000000
wrong_year,S1ly2grtvB,2021,unknown,0.000000,0.000000,1.000000,0.000000,-0.000000
wrong_year,BJg7x1HFvB,2021,accepted,1.000000,0.000000,0.000000,1.000000,1.000000
wrong_year,HylKvyHYwS,2021,unknown,0.000000,0.000000,1.000000,0.000000,0.000000
wrong_year,SkxlElBYDS,2021,unknown,0.000000,0.000000,1.000000,0.000000,0.000000
wrong_year,HyN-ZvlC-,2019,unknown,0.000000,0.000000,1.000000,0.000000,0.000000
wrong_year,HygUOoC5KX,2020,unknown,0.000000,0.000000,1.000000,0.000000,-0.000000
wrong_year,BkesJ3R9YX,2020,unknown,0.000000,0.000000,1.000000,0.000000,0.000000
wrong_year,BkLhaGZRW,2019,unknown,0.000000,0.000000,1.000000,0.000000,0.000000
wrong_year,rkTS8lZAb,2019,unknown,0.000000,0.000000,1.000000,0.000000,0.000000
wrong_year,SJetQpEYvB,2021,unknown,0.000000,0.000000,1.000000,0.000000,0.000000
wrong_year,Bke_DertPB,2021,unknown,0.000000,0.000000,1.000000,0.000000,0.000000
wrong_year,BklpOo09tQ,2020,unknown,0.000000,0.000000,1.000000,0.000000,-0.000000
wrong_year,HJgzpgrYDr,2021,unknown,0.000000,0.000000,1.000000,0.000000,0.000000
wrong_year,Hyp3i2xRb,2019,unknown,0.000000,0.000000,1.000000,0.000000,0.000000
wrong_year,HJlvCR4KDS,2021,unknown,0.000000,0.000000,1.000000,0.000000,0.000000
wrong_year,HJxf53EtDr,2021,unknown,0.000000,0.000000,1.000000,0.000000,0.000000
wrong_year,BygacxrFwS,2021,unknown,0.000000,0.000000,1.000000,0.000000,0.000000
wrong_year,H1gx3kSKPS,2021,accepted,1.000000,0.000000,0.000000,1.000000,1.000000
wrong_year,S1eK3i09YQ,2020,accepted,0.999999,0.000000,0.000001,0.999999,0.999999
wrong_year,ByGq7hRqKX,2020,unknown,0.000000,0.000000,1.000000,0.000000,0.000000
wrong_year,r1gRTCVFvB,2021,accepted,1.000000,0.000000,0.000000,1.000000,1.000000
wrong_year,SJxWS64FwH,2021,unknown,0.000000,0.000000,1.000000,0.000000,0.000000
wrong_year,B1xFxh0cKX,2020,rejected,0.000000,1.000000,0.000000,1.000000,-1.000000
wrong_year,B1eyA3VFwS,2021,unknown,0.000000,0.000000,1.000000,0.000000,-0.000000
wrong_year,SyBBgXWAZ,2019,unknown,0.000000,0.000000,1.000000,0.000000,0.000000
wrong_year,r1VVsebAZ,2019,unknown,0.000000,0.000000,1.000000,0.000000,0.000000
wrong_year,HklkeR4KPB,2021,accepted,1.000000,0.000000,0.000000,1.000000,1.000000
wrong_year,rJl4BsR5KX,2020,unknown,0.000000,0.000000,1.000000,0.000000,-0.000000
wrong_year,rkxZyaNtwB,2021,unknown,0.000000,0.000000,1.000000,0.000000,0.000000
wrong_year,H1U_af-0-,2019,accepted,1.000000,0.000000,0.000000,1.000000,1.000000
wrong_year,H196sainb,2019,unknown,0.000000,0.000000,1.000000,0.000000,0.000000
wrong_year,S1eQuCVFvB,2021,accepted,1.000000,0.000000,0.000000,1.000000,1.000000
wrong_year,SJe3HiC5KX,2020,accepted,1.000000,0.000000,0.000000,1.000000,1.000000
wrong_year,Bkel6ertwS,2021,unknown,0.000000,0.000000,1.000000,0.000000,-0.000000
wrong_year,B1x8anVFPr,2021,rejected,0.000000,1.000000,0.000000,1.000000,-1.000000
wrong_year,BJeB5hVtvB,2021,unknown,0.000000,0.000000,1.000000,0.000000,0.000000
wrong_year,Syjha0gAZ,2019,unknown,0.000000,0.000000,1.000000,0.000000,0.000000
wrong_year,ry4SNTe0-,2019,unknown,0.000000,0.000000,1.000000,0.000000,-0.000000
wrong_year,H1leCRNYvS,2021,unknown,0.000000,0.000000,1.000000,0.000000,0.000000
wrong_year,H1ervR4FwH,2021,unknown,0.000000,0.000000,1.000000,0.000000,0.000000
wrong_year,SkVRTj0cYQ,2020,unknown,0.000000,0.000000,1.000000,0.000000,-0.000000
wrong_year,SygQvs0cFQ,2020,unknown,0.000000,0.000000,1.000000,0.000000,0.000000
wrong_year,SklM1xStPB,2021,accepted,1.000000,0.000000,0.000000,1.000000,1.000000
wrong_year,Byg-wJSYDS,2021,unknown,0.000000,0.000000,1.000000,0.000000,0.000000
wrong_year,BJGfCjA5FX,2020,unknown,0.000000,0.000000,1.000000,0.000000,0.000000
wrong_year,SkJd_y-Cb,2019,unknown,0.000000,0.000000,1.000000,0.000000,0.000000
wrong_year,HyTrSegCb,2019,unknown,0.000000,0.000000,1.000000,0.000000,-0.000000
wrong_year,BJ4BVhRcYX,2020,unknown,0.000000,0.000000,1.000000,0.000000,0.000000
wrong_year,Sy1f0e-R-,2019,unknown,0.000000,0.000000,1.000000,0.000000,-0.000000
wrong_year,Bke13pVKPS,2021,unknown,0.000000,0.000000,1.000000,0.000000,0.000000
wrong_year,Hkeh21BKPH,2021,unknown,0.000000,0.000000,1.000000,0.000000,0.000000
wrong_year,B1zlp1bRW,2019,unknown,0.000000,0.000000,1.000000,0.000000,0.000000
wrong_year,r1xHxgrKwr,2021,unknown,0.000000,0.000000,1.000000,0.000000,0.000000
wrong_year,HJjvxl-Cb,2019,accepted,1.000000,0.000000,0.000000,1.000000,1.000000
wrong_year,rJeU_1SFvr,2021,unknown,0.000000,0.000000,1.000000,0.000000,-0.000000
wrong_year,BJxVI04YvB,2021,unknown,0.000000,0.000000,1.000000,0.000000,0.000000
wrong_year,rJl63fZRb,2019,unknown,0.000000,0.000000,1.000000,0.000000,0.000000
wrong_year,HkgMxkHtPH,2021,unknown,0.000000,0.000000,1.000000,0.000000,0.000000
wrong_year,BJeS62EtwH,2021,unknown,0.000000,0.000000,1.000000,0.000000,0.000000
wrong_year,SkluFgrFwH,2021,unknown,0.000000,0.000000,1.000000,0.000000,0.000000
wrong_year,HygegyrYwH,2021,unknown,0.000000,0.000000,1.000000,0.000000,0.000000
wrong_year,SyNbRj09Y7,2020,unknown,0.000000,0.000000,1.000000,0.000000,-0.000000
wrong_year,ryeEr0EFvS,2021,unknown,0.000000,0.000000,1.000000,0.000000,0.000000
wrong_year,HJeYSxHFDS,2021,accepted,1.000000,0.000000,0.000000,1.000000,1.000000
wrong_year,Syejj0NYvr,2021,unknown,0.000000,0.000000,1.000000,0.000000,0.000000
wrong_year,rkgg6xBYDH,2021,unknown,0.000000,0.000000,1.000000,0.000000,0.000000
wrong_year,rJgD2ySFDr,2021,unknown,0.000000,0.000000,1.000000,0.000000,0.000000
wrong_year,BJlITC4KDB,2021,accepted,1.000000,0.000000,0.000000,1.000000,1.000000
wrong_year,Byxv2pEKPH,2021,unknown,0.000000,0.000000,1.000000,0.000000,0.000000
wrong_year,rJJzTyWCZ,2019,unknown,0.000000,0.000000,1.000000,0.000000,0.000000
wrong_year,ry_WPG-A-,2019,accepted,0.999995,0.000005,0.000000,1.000000,0.999990
wrong_year,rJ3fy0k0Z,2019,unknown,0.000000,0.000000,1.000000,0.000000,0.000000
wrong_year,r1xF7lSYDS,2021,unknown,0.000000,0.000000,1.000000,0.000000,0.000000
wrong_year,Sye7qoC5FQ,2020,unknown,0.000000,0.000000,1.000000,0.000000,0.000000
wrong_year,ryxmb1rKDS,2021,unknown,0.000000,0.000000,1.000000,0.000000,0.000000
wrong_year,HkgU3xBtDS,2021,unknown,0.000000,0.000000,1.000000,0.000000,0.000000
wrong_year,H1xk8jAqKQ,2020,unknown,0.000000,0.000000,1.000000,0.000000,0.000000
wrong_year,S1lKSjRcY7,2020,unknown,0.000000,0.000000,1.000000,0.000000,0.000000
wrong_year,SJeLO34KwS,2021,unknown,0.000000,0.000000,1.000000,0.000000,0.000000
wrong_year,SyxMWh09KX,2020,unknown,0.000000,0.000000,1.000000,0.000000,0.000000
wrong_year,SkMuPjRcKQ,2020,unknown,0.000000,0.000000,1.000000,0.000000,0.000000
wrong_year,Syld53NtvH,2021,unknown,0.000000,0.000000,1.000000,0.000000,0.000000
wrong_year,SJem8lSFwB,2021,unknown,0.000000,0.000000,1.000000,0.000000,0.000000
wrong_year,rJgJDAVKvB,2021,unknown,0.000000,0.000000,1.000000,0.000000,0.000000
wrong_year,HyxjOyrKvr,2021,unknown,0.000000,0.000000,1.000000,0.000000,0.000000
wrong_year,SJxjPxSYDH,2021,unknown,0.000000,0.000000,1.000000,0.000000,0.000000
wrong_year,B1eXygBFPH,2021,unknown,0.000000,0.000000,1.000000,0.000000,0.000000
wrong_year,S1lslCEYPB,2021,unknown,0.000000,0.000000,1.000000,0.000000,0.000000
wrong_year,SJtfOEn6-,2019,unknown,0.000000,0.000000,1.000000,0.000000,-0.000000
wrong_year,HJeRkh05Km,2020,unknown,0.000000,0.000000,1.000000,0.000000,0.000000
wrong_year,SkgOzlrKvH,2021,unknown,0.000000,0.000000,1.000000,0.000000,0.000000
wrong_year,ByQZjx-0-,2019,accepted,1.000000,0.000000,0.000000,1.000000,1.000000
wrong_year,r1GbfhRqF7,2020,unknown,0.000000,0.000000,1.000000,0.000000,0.000000
wrong_year,ByMVTsR5KQ,2020,unknown,0.000000,0.000000,1.000000,0.000000,0.000000
wrong_year,HkgmzhC5F7,2020,unknown,0.000000,0.000000,1.000000,0.000000,0.000000
wrong_year,S1D8MPxA-,2019,unknown,0.000000,0.000000,1.000000,0.000000,0.000000
wrong_year,Syx72jC9tm,2020,unknown,0.000000,0.000000,1.000000,0.000000,0.000000
wrong_year,rJg8yhAqKm,2020,unknown,0.000000,0.000000,1.000000,0.000000,0.000000
wrong_year,r1gfQgSFDr,2021,unknown,0.000000,0.000000,1.000000,0.000000,0.000000
wrong_year,S1v4N2l0-,2019,accepted,1.000000,0.000000,0.000000,1.000000,1.000000
wrong_year,BJe55gBtvH,2021,unknown,0.000000,0.000000,1.000000,0.000000,0.000000
wrong_year,r1DPFCyA-,2019,unknown,0.000000,0.000000,1.000000,0.000000,0.000000
wrong_year,rygRP2VYwB,2021,unknown,0.000000,0.000000,1.000000,0.000000,-0.000000
wrong_year,S1Y7OOlRZ,2019,unknown,0.000000,0.000000,1.000000,0.000000,0.000000
wrong_year,HkgbKaEtvB,2021,unknown,0.000000,0.000000,1.000000,0.000000,0.000000
wrong_year,HJYoqzbC-,2019,unknown,0.000000,0.000000,1.000000,0.000000,0.000000
wrong_year,Skx5txzb0W,2019,unknown,0.000000,0.000000,1.000000,0.000000,-0.000000
wrong_year,rkxgHerKvH,2021,unknown,0.000000,0.000000,1.000000,0.000000,-0.000000
wrong_year,BJgRDjR9tQ,2020,unknown,0.000000,0.000000,1.000000,0.000000,0.000000
wrong_year,ByxxgCEYDS,2021,unknown,0.000000,0.000000,1.000000,0.000000,0.000000
wrong_year,SJlPOCEKvH,2021,unknown,0.000000,0.000000,1.000000,0.000000,0.000000
wrong_year,ryGs6iA5Km,2020,accepted,1.000000,0.000000,0.000000,1.000000,1.000000
wrong_year,rJe5_CNtPB,2021,unknown,0.000000,0.000000,1.000000,0.000000,0.000000
wrong_year,SJlJegHFvH,2021,rejected,0.000000,1.000000,0.000000,1.000000,-1.000000
wrong_year,B1lLw6EYwB,2021,unknown,0.000000,0.000000,1.000000,0.000000,0.000000
wrong_year,H1gz_nNYDS,2021,accepted,1.000000,0.000000,0.000000,1.000000,1.000000
wrong_year,ByGUFsAqYm,2020,accepted,1.000000,0.000000,0.000000,1.000000,1.000000
wrong_year,HyxnZh0ct7,2020,unknown,0.000000,0.000000,1.000000,0.000000,0.000000
wrong_year,rkeZIJBYvr,2021,unknown,0.000000,0.000000,1.000000,0.000000,0.000000
wrong_year,HyzbhfWRW,2019,unknown,0.000000,0.000000,1.000000,0.000000,-0.000000
wrong_year,H1MczcgR-,2019,unknown,0.000000,0.000000,1.000000,0.000000,0.000000
wrong_year,BkxFi2VYvS,2021,unknown,0.000000,0.000000,1.000000,0.000000,0.000000
wrong_year,SJexHkSFPS,2021,unknown,0.000000,0.000000,1.000000,0.000000,0.000000
wrong_year,B1G9doA9F7,2020,unknown,0.000000,0.000000,1.000000,0.000000,-0.000000
wrong_year,SJGvns0qK7,2020,unknown,0.000000,0.000000,1.000000,0.000000,0.000000
wrong_year,rJqfKPJ0Z,2019,unknown,0.000000,0.000000,1.000000,0.000000,0.000000
wrong_year,S1XolQbRW,2019,unknown,0.000000,0.000000,1.000000,0.000000,0.000000
wrong_year,HyMnYiR9Y7,2020,unknown,0.000000,0.000000,1.000000,0.000000,-0.000000
wrong_year,HyRnez-RW,2019,unknown,0.000000,0.000000,1.000000,0.000000,0.000000
wrong_year,ryxOUTVYDH,2021,unknown,0.000000,0.000000,1.000000,0.000000,0.000000
wrong_year,H1ggKyrYwB,2021,unknown,0.000000,0.000000,1.000000,0.000000,0.000000
wrong_year,rJMcdsA5FX,2020,unknown,0.000000,0.000000,1.000000,0.000000,0.000000
wrong_year,ryA-jdlA-,2019,rejected,0.000000,1.000000,0.000000,1.000000,-1.000000
wrong_year,rJxG3pVKPB,2021,rejected,0.000001,0.999999,0.000000,1.000000,-0.999998
wrong_year,rkeuAhVKvB,2021,unknown,0.000000,0.000000,1.000000,0.000000,0.000000
wrong_year,HyGcghRct7,2020,unknown,0.000000,0.000000,1.000000,0.000000,0.000000
wrong_year,Hyxfs1SYwH,2021,unknown,0.000000,0.000000,1.000000,0.000000,0.000000
wrong_year,Bklr3j0cKX,2020,unknown,0.000000,0.000000,1.000000,0.000000,0.000000
wrong_year,BkePHaVKwS,2021,unknown,0.000000,0.000000,1.000000,0.000000,0.000000
wrong_year,HyxWteSFwS,2021,unknown,0.000000,0.000000,1.000000,0.000000,0.000000
wrong_year,SJxTZeHFPH,2021,unknown,0.000000,0.000000,1.000000,0.000000,-0.000000
wrong_year,B1e-kxSKDH,2021,unknown,0.000000,0.000000,1.000000,0.000000,0.000000
wrong_year,ryewE3R5YX,2020,rejected,0.000000,1.000000,0.000000,1.000000,-1.000000
wrong_year,r1gBOxSFwr,2021,unknown,0.000000,0.000000,1.000000,0.000000,0.000000
wrong_year,SkeFl1HKwr,2021,unknown,0.000000,0.000000,1.000000,0.000000,0.000000
wrong_year,S1x2aiRqFX,2020,unknown,0.000000,0.000000,1.000000,0.000000,0.000000
wrong_year,BkzeUiRcY7,2020,unknown,0.000000,0.000000,1.000000,0.000000,0.000000
wrong_year,S17mtzbRb,2019,accepted,1.000000,0.000000,0.000000,1.000000,1.000000
wrong_year,Hkn7CBaTW,2019,unknown,0.000000,0.000000,1.000000,0.000000,0.000000
wrong_year,SyedHyBFwS,2021,unknown,0.000000,0.000000,1.000000,0.000000,0.000000
wrong_year,S1eWbkSFPS,2021,unknown,0.000000,0.000000,1.000000,0.000000,0.000000
wrong_year,r1gVqsA9tQ,2020,unknown,0.000000,0.000000,1.000000,0.000000,0.000000
wrong_year,Syx9Q1rYvH,2021,unknown,0.000000,0.000000,1.000000,0.000000,0.000000
wrong_year,Hylnis0qKX,2020,unknown,0.000000,0.000000,1.000000,0.000000,0.000000
wrong_year,HyxPx3R9tm,2020,accepted,0.999999,0.000000,0.000001,0.999999,0.999999
wrong_year,B1xwv1StvS,2021,unknown,0.000000,0.000000,1.000000,0.000000,0.000000
wrong_year,SyxCqGbRZ,2019,unknown,0.000000,0.000000,1.000000,0.000000,0.000000
wrong_year,H1fU8iAqKX,2020,unknown,0.000000,0.000000,1.000000,0.000000,0.000000
wrong_year,rkgfdeBYvH,2021,unknown,0.000000,0.000000,1.000000,0.000000,0.000000
wrong_year,HkgH0TEYwH,2021,unknown,0.000000,0.000000,1.000000,0.000000,0.000000
wrong_year,HJxMYANtPH,2021,unknown,0.000000,0.000000,1.000000,0.000000,0.000000
wrong_year,B1xRGkHYDS,2021,unknown,0.000000,0.000000,1.000000,0.000000,0.000000
wrong_year,BJg73xHtvr,2021,unknown,0.000000,0.000000,1.000000,0.000000,0.000000
wrong_year,H1gXzxHKvH,2021,unknown,0.000000,0.000000,1.000000,0.000000,-0.000000
wrong_year,HkxlcnVFwB,2021,accepted,1.000000,0.000000,0.000000,1.000000,1.000000
wrong_year,B1eZRiC9YX,2020,unknown,0.000000,0.000000,1.000000,0.000000,0.000000
wrong_year,B1x6w0EtwH,2021,unknown,0.000000,0.000000,1.000000,0.000000,0.000000
wrong_year,B1gqipNYwH,2021,unknown,0.000000,0.000000,1.000000,0.000000,0.000000
wrong_year,rJfUCoR5KX,2020,unknown,0.000000,0.000000,1.000000,0.000000,-0.000000
wrong_year,HJlRFlHFPS,2021,unknown,0.000000,0.000000,1.000000,0.000000,0.000000
wrong_year,SygInj05Fm,2020,unknown,0.000000,0.000000,1.000000,0.000000,0.000000
wrong_year,rygZJ2RcF7,2020,unknown,0.000000,0.000000,1.000000,0.000000,0.000000
wrong_year,ByglLlHFDS,2021,accepted,1.000000,0.000000,0.000000,1.000000,1.000000
wrong_year,rJg76kStwH,2021,unknown,0.000000,0.000000,1.000000,0.000000,0.000000
wrong_year,HklvMJSYPB,2021,unknown,0.000000,0.000000,1.000000,0.000000,0.000000
wrong_year,S1e__ANKvB,2021,unknown,0.000000,0.000000,1.000000,0.000000,0.000000
wrong_year,S1zk9iRqF7,2020,accepted,1.000000,0.000000,0.000000,1.000000,1.000000
wrong_year,HkGGfhC5Y7,2020,unknown,0.000000,0.000000,1.000000,0.000000,0.000000
wrong_year,Bkgwp3NtDH,2021,unknown,0.000000,0.000000,1.000000,0.000000,0.000000
wrong_year,S1x4ghC9tQ,2020,unknown,0.000000,0.000000,1.000000,0.000000,0.000000
wrong_year,BJl6AjC5F7,2020,unknown,0.000000,0.000000,1.000000,0.000000,0.000000
wrong_year,H1V4QhAqYQ,2020,unknown,0.000000,0.000000,1.000000,0.000000,0.000000
wrong_year,Skj8Kag0Z,2019,unknown,0.000000,0.000000,1.000000,0.000000,-0.000000
wrong_year,rkxDon4Yvr,2021,unknown,0.000000,0.000000,1.000000,0.000000,0.000000
wrong_year,rJFOptp6Z,2019,unknown,0.000000,0.000000,1.000000,0.000000,0.000000
wrong_year,BJxiqxSYPB,2021,unknown,0.000000,0.000000,1.000000,0.000000,0.000000
wrong_year,Byx_YAVYPH,2021,accepted,1.000000,0.000000,0.000000,1.000000,1.000000
wrong_year,BJxGan4FPB,2021,unknown,0.000000,0.000000,1.000000,0.000000,0.000000
wrong_year,BJeWVpNtwr,2021,unknown,0.000000,0.000000,1.000000,0.000000,0.000000
wrong_year,r1gIdySFPH,2021,accepted,1.000000,0.000000,0.000000,1.000000,1.000000
wrong_year,B1eSg3C9Ym,2020,accepted,1.000000,0.000000,0.000000,1.000000,1.000000
wrong_year,HJlQ96EtPr,2021,accepted,1.000000,0.000000,0.000000,1.000000,1.000000
wrong_year,HyeG9yHKPr,2021,unknown,0.000000,0.000000,1.000000,0.000000,0.000000
wrong_year,SkglVlSFPS,2021,unknown,0.000000,0.000000,1.000000,0.000000,0.000000
wrong_year,SkeJ6iR9Km,2020,unknown,0.000000,0.000000,1.000000,0.000000,0.000000
wrong_year,B1hYRMbCW,2019,unknown,0.000000,0.000000,1.000000,0.000000,0.000000
wrong_year,SkgGjRVKDS,2021,rejected,0.000000,1.000000,0.000000,1.000000,-1.000000
wrong_year,HkMwHsCctm,2020,unknown,0.000000,0.000000,1.000000,0.000000,-0.000000
wrong_year,HyxhqhVKPB,2021,accepted,1.000000,0.000000,0.000000,1.000000,1.000000
wrong_year,HJsjkMb0Z,2019,unknown,0.000000,0.000000,1.000000,0.000000,-0.000000
wrong_year,Syxt5oC5YQ,2020,unknown,0.000000,0.000000,1.000000,0.000000,-0.000000
wrong_year,ByxBFsRqYm,2020,accepted,1.000000,0.000000,0.000000,1.000000,1.000000
wrong_year,Hk0wHx-RW,2019,unknown,0.000000,0.000000,1.000000,0.000000,0.000000
wrong_year,ByW5yxgA-,2019,unknown,0.000000,0.000000,1.000000,0.000000,-0.000000
wrong_year,SJl3CANKvB,2021,unknown,0.000000,0.000000,1.000000,0.000000,0.000000
wrong_year,SkxaueHFPB,2021,unknown,0.000000,0.000000,1.000000,0.000000,0.000000
wrong_year,SylUzpNFDS,2021,accepted,1.000000,0.000000,0.000000,1.000000,1.000000
wrong_year,BJeFQ0NtPS,2021,unknown,0.000000,0.000000,1.000000,0.000000,0.000000
wrong_year,Bki1Ct1AW,2019,unknown,0.000000,0.000000,1.000000,0.000000,0.000000
wrong_year,ryg8wpEtvB,2021,unknown,0.000000,0.000000,1.000000,0.000000,0.000000
wrong_year,B1eiJyrtDB,2021,unknown,0.000000,0.000000,1.000000,0.000000,0.000000
wrong_year,rJgqMRVYvr,2021,unknown,0.000000,0.000000,1.000000,0.000000,0.000000
wrong_year,B1lnbRNtwr,2021,unknown,0.000000,0.000000,1.000000,0.000000,0.000000
wrong_year,Hk4fpoA5Km,2020,unknown,0.000000,0.000000,1.000000,0.000000,0.000000
wrong_year,BJg1fgBYwH,2021,unknown,0.000000,0.000000,1.000000,0.000000,0.000000
wrong_year-1,B1xoserKPH,2019,unknown,0.000000,0.000000,1.000000,0.000000,0.000000
wrong_year-1,BJG0voC9YQ,2018,accepted,1.000000,0.000000,0.000000,1.000000,1.000000
wrong_year-1,S1eFtj0cKQ,2018,unknown,0.000000,0.000000,1.000000,0.000000,0.000000
wrong_year-1,B1hcZZ-AW,2017,unknown,0.000000,0.000000,1.000000,0.000000,0.000000
wrong_year,B1eXbn05t7,2020,unknown,0.000000,0.000000,1.000000,0.000000,0.000000
wrong_year-1,BkVf1AeAZ,2017,accepted,1.000000,0.000000,0.000000,1.000000,1.000000
wrong_year-1,SJzYdsAqY7,2018,unknown,0.000000,0.000000,1.000000,0.000000,0.000000
wrong_year-1,Hkx3ElHYwS,2019,unknown,0.000000,0.000000,1.000000,0.000000,0.000000
wrong_year-1,rywDjg-RW,2017,unknown,0.000000,0.000000,1.000000,0.000000,0.000000
wrong_year-1,BkE8NjCqYm,2018,accepted,0.999998,0.000001,0.000001,0.999999,0.999998
wrong_year,HkgnpiR9Y7,2020,unknown,0.000000,0.000000,1.000000,0.000000,-0.000000
wrong_year-1,BJlXgkHYvS,2019,unknown,0.000000,0.000000,1.000000,0.000000,0.000000
wrong_year-1,Ske9VANKDH,2019,rejected,0.000000,1.000000,0.000000,1.000000,-1.000000
wrong_year-1,ry4S90l0b,2017,unknown,0.000000,0.000000,1.000000,0.000000,0.000000
wrong_year-1,HylZIT4Yvr,2019,unknown,0.000000,0.000000,1.000000,0.000000,0.000000
wrong_year-1,Byx9p2EtDH,2019,unknown,0.000000,0.000000,1.000000,0.000000,-0.000000
wrong_year-1,S1gd7nCcF7,2018,unknown,0.000000,0.000000,1.000000,0.000000,-0.000000
wrong_year-1,BJgYl205tQ,2018,rejected,0.000000,1.000000,0.000000,1.000000,-1.000000
wrong_year-1,Skg9aAEKwH,2019,accepted,1.000000,0.000000,0.000000,1.000000,1.000000
wrong_year-1,HJePRoAct7,2018,unknown,0.000000,0.000000,1.000000,0.000000,0.000000
wrong_year-1,HylAoJSKvH,2019,unknown,0.000000,0.000000,1.000000,0.000000,0.000000
wrong_year-1,rkgK3oC5Fm,2018,accepted,1.000000,0.000000,0.000000,1.000000,1.000000
wrong_year-1,Hk6kPgZA-,2017,unknown,0.000000,0.000000,1.000000,0.000000,0.000000
wrong_year-1,Hyez1CVYvr,2019,unknown,0.000000,0.000000,1.000000,0.000000,0.000000
wrong_year-1,SyxM51BYPB,2019,unknown,0.000000,0.000000,1.000000,0.000000,-0.000000
wrong_year-1,r1AMITFaW,2017,unknown,0.000000,0.000000,1.000000,0.000000,-0.000000
wrong_year-1,HyeEIyBtvr,2019,unknown,0.000000,0.000000,1.000000,0.000000,-0.000000
wrong_year-1,r1gIa0NtDH,2019,unknown,0.000000,0.000000,1.000000,0.000000,-0.000000
wrong_year-1,ryGgSsAcFQ,2018,unknown,0.000000,0.000000,1.000000,0.000000,-0.000000
wrong_year-1,SkeuipVKDH,2019,rejected,0.000000,1.000000,0.000000,1.000000,-1.000000
wrong_year-1,ryGvcoA5YX,2018,unknown,0.000000,0.000000,1.000000,0.000000,0.000000
wrong_year-1,S1ANxQW0b,2017,unknown,0.000000,0.000000,1.000000,0.000000,0.000000
wrong_year-1,H1wt9x-RW,2017,unknown,0.000000,0.000000,1.000000,0.000000,0.000000
wrong_year-1,rkxJus0cFX,2018,accepted,1.000000,0.000000,0.000000,1.000000,1.000000
wrong_year-1,S1gEIerYwH,2019,unknown,0.000000,0.000000,1.000000,0.000000,0.000000
wrong_year-1,rkQkBnJAb,2017,unknown,0.000000,0.000000,1.000000,0.000000,0.000000
wrong_year-1,S1g6xeSKDS,2019,unknown,0.000000,0.000000,1.000000,0.000000,0.000000
wrong_year-1,rkgdYhVtvH,2019,unknown,0.000000,0.000000,1.000000,0.000000,0.000000
wrong_year-1,rkx-wA4YPS,2019,unknown,0.000000,0.000000,1.000000,0.000000,0.000000
wrong_year-1,H1gh_sC9tm,2018,unknown,0.000000,0.000000,1.000000,0.000000,0.000000
wrong_year-1,Sy5OAyZC-,2017,unknown,0.000000,0.000000,1.000000,0.000000,-0.000000
wrong_year-1,r1eVMnA9K7,2018,unknown,0.000000,0.000000,1.000000,0.000000,0.000000
wrong_year-1,ByxkijC5FQ,2018,unknown,0.000000,0.000000,1.000000,0.000000,0.000000
wrong_year-1,Bkeb7lHtvH,2019,unknown,0.000000,0.000000,1.000000,0.000000,-0.000000
wrong_year-1,ryALZdAT-,2017,unknown,0.000000,0.000000,1.000000,0.000000,-0.000000
wrong_year-1,SklVI1HKvH,2019,unknown,0.000000,0.000000,1.000000,0.000000,0.000000
wrong_year-1,rkxn7nR5KX,2018,unknown,0.000000,0.000000,1.000000,0.000000,0.000000
wrong_year-1,Hyg74h05tX,2018,unknown,0.000000,0.000000,1.000000,0.000000,0.000000
wrong_year-1,H1fF0iR9KX,2018,rejected,0.000000,1.000000,0.000000,1.000000,-1.000000
wrong_year-1,SJf6BhAqK7,2018,unknown,0.000000,0.000000,1.000000,0.000000,0.000000
wrong_year-1,SylR-CEKDS,2019,unknown,0.000000,0.000000,1.000000,0.000000,0.000000
wrong_year-1,rkgbwsAcYm,2018,unknown,0.000000,0.000000,1.000000,0.000000,-0.000000
wrong_year-1,S1lDV3RcKm,2018,unknown,0.000000,0.000000,1.000000,0.000000,-0.000000
wrong_year-1,SkeWc2EKPH,2019,unknown,0.000000,0.000000,1.000000,0.000000,0.000000
wrong_year-1,SJeLopEYDH,2019,unknown,0.000000,0.000000,1.000000,0.000000,0.000000
wrong_year-1,Byxl-04KvH,2019,unknown,0.000000,0.000000,1.000000,0.000000,0.000000
wrong_year-1,r1znKiAcY7,2018,unknown,0.000000,0.000000,1.000000,0.000000,-0.000000
wrong_year-1,Syx1DkSYwB,2019,unknown,0.000000,0.000000,1.000000,0.000000,0.000000
wrong_year-1,Skl1HCNKDr,2019,unknown,0.000000,0.000000,1.000000,0.000000,0.000000
wrong_year-1,BJMvBjC5YQ,2018,unknown,0.000000,0.000000,1.000000,0.000000,0.000000
wrong_year-1,rypT3fb0b,2017,unknown,0.000000,0.000000,1.000000,0.000000,0.000000
wrong_year-1,r1QZ3zbAZ,2017,unknown,0.000000,0.000000,1.000000,0.000000,0.000000
wrong_year-1,rJxXDsCqYX,2018,unknown,0.000000,0.000000,1.000000,0.000000,0.000000
wrong_year-1,rJxug2R9Km,2018,unknown,0.000000,0.000000,1.000000,0.000000,0.000000
wrong_year-1,HyIFzx-0b,2017,unknown,0.000000,0.000000,1.000000,0.000000,-0.000000
wrong_year-1,ryZ283gAZ,2017,unknown,0.000000,0.000000,1.000000,0.000000,0.000000
wrong_year-1,rJg3zxBYwH,2019,unknown,0.000000,0.000000,1.000000,0.000000,0.000000
wrong_year-1,rJl2E3AcF7,2018,unknown,0.000000,0.000000,1.000000,0.000000,0.000000
wrong_year-1,r1gPoCEKvH,2019,unknown,0.000000,0.000000,1.000000,0.000000,0.000000
wrong_year-1,BJesDsA9t7,2018,unknown,0.000000,0.000000,1.000000,0.000000,0.000000
wrong_year-1,rJzLciCqKm,2018,unknown,0.000000,0.000000,1.000000,0.000000,0.000000
wrong_year-1,ryxOIsA5FQ,2018,unknown,0.000000,0.000000,1.000000,0.000000,0.000000
wrong_year-1,H1gEP6NFwr,2019,unknown,0.000000,0.000000,1.000000,0.000000,0.000000
wrong_year-1,HygcvsAcFX,2018,accepted,1.000000,0.000000,0.000000,1.000000,1.000000
wrong_year-1,HyZoi-WRb,2017,accepted,1.000000,0.000000,0.000000,1.000000,1.000000
wrong_year-1,HkeJVllRW,2017,unknown,0.000000,0.000000,1.000000,0.000000,-0.000000
wrong_year-1,rk3pnae0b,2017,unknown,0.000000,0.000000,1.000000,0.000000,0.000000
wrong_year-1,HkG3e205K7,2018,unknown,0.000000,0.000000,1.000000,0.000000,0.000000
wrong_year-1,rJl0r3R9KX,2018,unknown,0.000000,0.000000,1.000000,0.000000,0.000000
wrong_year-1,HyxzRsR9Y7,2018,unknown,0.000000,0.000000,1.000000,0.000000,0.000000
wrong_year-1,HJlF3h4FvB,2019,unknown,0.000000,0.000000,1.000000,0.000000,0.000000
wrong_year-1,HJGXzmspb,2017,unknown,0.000000,0.000000,1.000000,0.000000,0.000000
wrong_year-1,SkHkeixAW,2017,unknown,0.000000,0.000000,1.000000,0.000000,0.000000
wrong_year-1,HJeg46EKPr,2019,unknown,0.000000,0.000000,1.000000,0.000000,0.000000
wrong_year-1,HyexAiA5Fm,2018,unknown,0.000000,0.000000,1.000000,0.000000,0.000000
wrong_year-1,ryxHii09KQ,2018,accepted,1.000000,0.000000,0.000000,1.000000,0.999999
wrong_year-1,ryBnUWb0b,2017,unknown,0.000000,0.000000,1.000000,0.000000,-0.000000
wrong_year-1,HJxhWa4KDr,2019,unknown,0.000000,0.000000,1.000000,0.000000,-0.000000
wrong_year-1,rJguRyBYvr,2019,unknown,0.000000,0.000000,1.000000,0.000000,-0.000000
wrong_year-1,SyeZIkrKwS,2019,unknown,0.000000,0.000000,1.000000,0.000000,-0.000000
wrong_year-1,SylUiREKvB,2019,unknown,0.000000,0.000000,1.000000,0.000000,0.000000
wrong_year-1,HJewxlHFwH,2019,unknown,0.000000,0.000000,1.000000,0.000000,0.000000
wrong_year-1,r1kjEuHpZ,2017,unknown,0.000000,0.000000,1.000000,0.000000,0.000000
wrong_year-1,Bkxbrn0cYX,2018,unknown,0.000000,0.000000,1.000000,0.000000,0.000000
wrong_year-1,H1epaJSYDS,2019,accepted,0.999998,0.000000,0.000002,0.999999,0.999998
wrong_year-1,BJxhijAcY7,2018,accepted,1.000000,0.000000,0.000000,1.000000,1.000000
wrong_year-1,ryRh0bb0Z,2017,unknown,0.000000,0.000000,1.000000,0.000000,0.000000
wrong_year-1,B1Z3W-b0W,2017,unknown,0.000000,0.000000,1.000000,0.000000,0.000000
wrong_year-1,SylkzaEYPS,2019,unknown,0.000000,0.000000,1.000000,0.000000,-0.000000
wrong_year-1,SJgndT4KwB,2019,unknown,0.000000,0.000000,1.000000,0.000000,0.000000
wrong_year-1,BJeWOi09FQ,2018,unknown,0.000000,0.000000,1.000000,0.000000,0.000000
wrong_year-1,Syx9rnRcYm,2018,unknown,0.000000,0.000000,1.000000,0.000000,0.000000
wrong_year-1,S1lTg3RcFm,2018,unknown,0.000000,0.000000,1.000000,0.000000,0.000000
wrong_year-1,r1VPNiA5Fm,2018,unknown,0.000000,0.000000,1.000000,0.000000,0.000000
wrong_year-1,H1l8sz-AW,2017,unknown,0.000000,0.000000,1.000000,0.000000,0.000000
wrong_year-1,SJeOAJStwB,2019,accepted,1.000000,0.000000,0.000000,1.000000,1.000000
wrong_year-1,ryxOBgBFPH,2019,unknown,0.000000,0.000000,1.000000,0.000000,0.000000
wrong_year-1,Syzn9i05Ym,2018,unknown,0.000000,0.000000,1.000000,0.000000,0.000000
wrong_year-1,HylsgnCcFQ,2018,unknown,0.000000,0.000000,1.000000,0.000000,0.000000
wrong_year-1,HklxbgBKvr,2019,unknown,0.000000,0.000000,1.000000,0.000000,0.000000
wrong_year-1,rJlYsn4YwS,2019,accepted,1.000000,0.000000,0.000000,1.000000,1.000000
wrong_year-1,S1lJv0VYDr,2019,unknown,0.000000,0.000000,1.000000,0.000000,0.000000
wrong_year-1,HJxB5sRcFQ,2018,unknown,0.000000,0.000000,1.000000,0.000000,-0.000000
wrong_year-1,rJgFDnEYPr,2019,unknown,0.000000,0.000000,1.000000,0.000000,-0.000000
wrong_year-1,r1lfga4KvS,2019,unknown,0.000000,0.000000,1.000000,0.000000,-0.000000
wrong_year-1,rJx8ylSKvr,2019,unknown,0.000000,0.000000,1.000000,0.000000,0.000000
wrong_year-1,r1nmx5l0W,2017,unknown,0.000000,0.000000,1.000000,0.000000,-0.000000
wrong_year-1,BkgzqRVFDr,2019,unknown,0.000000,0.000000,1.000000,0.000000,0.000000
wrong_year-1,S1lXnhVKPr,2019,unknown,0.000000,0.000000,1.000000,0.000000,0.000000
wrong_year-1,HygXkJHtvB,2019,unknown,0.000000,0.000000,1.000000,0.000000,0.000000
wrong_year-1,Hygv3xrtDr,2019,accepted,1.000000,0.000000,0.000000,1.000000,1.000000
wrong_year-1,H1lJws05K7,2018,unknown,0.000000,0.000000,1.000000,0.000000,0.000000
wrong_year-1,SJxIm0VtwH,2019,rejected,0.000000,1.000000,0.000000,1.000000,-1.000000
wrong_year-1,HkxZVlHYvH,2019,unknown,0.000000,0.000000,1.000000,0.000000,0.000000
wrong_year-1,ryxnJlSKvr,2019,rejected,0.000000,0.999999,0.000000,1.000000,-0.999999
wrong_year-1,Hk91SGWR-,2017,unknown,0.000000,0.000000,1.000000,0.000000,-0.000000
wrong_year-1,rJeg7TEYwB,2019,unknown,0.000000,0.000000,1.000000,0.000000,0.000000
wrong_year-1,BJfOXnActQ,2018,unknown,0.000000,0.000000,1.000000,0.000000,0.000000
wrong_year-1,Syx_Ss05tm,2018,unknown,0.000000,0.000000,1.000000,0.000000,0.000000
wrong_year-1,HJ5AUm-CZ,2017,unknown,0.000000,0.000000,1.000000,0.000000,-0.000000
wrong_year-1,H1lmyRNFvr,2019,unknown,0.000000,0.000000,1.000000,0.000000,0.000000
wrong_year-1,Hyg5TRNtDH,2019,unknown,0.000000,0.000000,1.000000,0.000000,0.000000
wrong_year-1,ByxoqJrtvr,2019,unknown,0.000000,0.000000,1.000000,0.000000,0.000000
wrong_year-1,Syeu8CNYvS,2019,unknown,0.000000,0.000000,1.000000,0.000000,0.000000
wrong_year-1,B1ltfgSYwS,2019,unknown,0.000000,0.000000,1.000000,0.000000,0.000000
wrong_year-1,SyKoKWbC-,2017,unknown,0.000000,0.000000,1.000000,0.000000,0.000000
wrong_year-1,BJlOcR4KwS,2019,unknown,0.000000,0.000000,1.000000,0.000000,0.000000
wrong_year-1,Sk2u1g-0-,2017,unknown,0.000000,0.000000,1.000000,0.000000,0.000000
wrong_year-1,r1l-VeSKwS,2019,rejected,0.000000,1.000000,0.000000,1.000000,-1.000000
wrong_year-1,rJxqZkSFDB,2019,unknown,0.000000,0.000000,1.000000,0.000000,0.000000
wrong_year-1,rke_YiRct7,2018,unknown,0.000000,0.000000,1.000000,0.000000,-0.000000
wrong_year-1,Hke_f0EYPH,2019,unknown,0.000000,0.000000,1.000000,0.000000,0.000000
wrong_year-1,SJzwvoCqF7,2018,unknown,0.000000,0.000000,1.000000,0.000000,0.000000
wrong_year-1,HJMCcjAcYX,2018,unknown,0.000000,0.000000,1.000000,0.000000,0.000000
wrong_year-1,BJlbo6VtDH,2019,unknown,0.000000,0.000000,1.000000,0.000000,0.000000
wrong_year-1,BkexaxBKPB,2019,unknown,0.000000,0.000000,1.000000,0.000000,0.000000
wrong_year-1,HyxFF34FPr,2019,accepted,0.999999,0.000000,0.000000,1.000000,0.999999
wrong_year-1,Syl-xpNtwS,2019,unknown,0.000000,0.000000,1.000000,0.000000,0.000000
wrong_year-1,rkenmREFDr,2019,accepted,0.999999,0.000000,0.000001,0.999999,0.999999
wrong_year-1,Syx5eT4KDS,2019,unknown,0.000000,0.000000,1.000000,0.000000,0.000000
wrong_year-1,Skl-fyHKPH,2019,unknown,0.000000,0.000000,1.000000,0.000000,0.000000
wrong_year-1,HJgK0h4Ywr,2019,unknown,0.000000,0.000000,1.000000,0.000000,0.000000
wrong_year-1,Syf9Q209YQ,2018,unknown,0.000000,0.000000,1.000000,0.000000,0.000000
wrong_year-1,H1lNPxHKDH,2019,unknown,0.000000,0.000000,1.000000,0.000000,0.000000
wrong_year-1,ryvxcPeAb,2017,unknown,0.000000,0.000000,1.000000,0.000000,0.000000
wrong_year-1,B1gR3ANFPS,2019,unknown,0.000000,0.000000,1.000000,0.000000,0.000000
wrong_year-1,B1lJzyStvS,2019,unknown,0.000000,0.000000,1.000000,0.000000,-0.000000
wrong_year-1,B1lxH20qtX,2018,unknown,0.000000,0.000000,1.000000,0.000000,0.000000
wrong_year-1,HyH9lbZAW,2017,unknown,0.000000,0.000000,1.000000,0.000000,0.000000
wrong_year-1,B1esx6EYvr,2019,rejected,0.000000,1.000000,0.000000,1.000000,-1.000000
wrong_year-1,r1e8qpVKPS,2019,unknown,0.000000,0.000000,1.000000,0.000000,0.000000
wrong_year-1,BylD9eSYPS,2019,unknown,0.000000,0.000000,1.000000,0.000000,0.000000
wrong_year-1,rke8ZhCcFQ,2018,unknown,0.000000,0.000000,1.000000,0.000000,-0.000000
wrong_year-1,Syr8Qc1CW,2017,unknown,0.000000,0.000000,1.000000,0.000000,0.000000
wrong_year-1,H1Xw62kRZ,2017,unknown,0.000000,0.000000,1.000000,0.000000,0.000000
wrong_year-1,ryeUg0VFwr,2019,unknown,0.168576,0.000000,0.000000,0.168576,0.168576
wrong_year-1,H1e0-30qKm,2018,unknown,0.000000,0.000000,1.000000,0.000000,-0.000000
wrong_year-1,rkl8dlHYvB,2019,unknown,0.000000,0.000000,1.000000,0.000000,0.000000
wrong_year-1,S1pWFzbAW,2017,unknown,0.000000,0.000000,1.000000,0.000000,0.000000
wrong_year-1,H1zeHnA9KX,2018,unknown,0.000000,0.000000,1.000000,0.000000,-0.000000
wrong_year-1,Hkg4W2AcFm,2018,unknown,0.000000,0.000000,1.000000,0.000000,0.000000
wrong_year-1,SyerAiCqt7,2018,unknown,0.000000,0.000000,1.000000,0.000000,0.000000
wrong_year-1,rJe1y3CqtX,2018,unknown,0.000000,0.000000,1.000000,0.000000,0.000000
wrong_year-1,rkgQL6VFwr,2019,unknown,0.000000,0.000000,1.000000,0.000000,0.000000
wrong_year-1,ryzm6BATZ,2017,unknown,0.000000,0.000000,1.000000,0.000000,-0.000000
wrong_year-1,HJeLBpEFPB,2019,unknown,0.000000,0.000000,1.000000,0.000000,-0.000000
wrong_year-1,Byey7n05FQ,2018,unknown,0.000000,0.000000,1.000000,0.000000,0.000000
wrong_year-1,HJx4KjRqYQ,2018,unknown,0.000000,0.000000,1.000000,0.000000,-0.000000
wrong_year-1,r1e9GCNKvH,2019,accepted,1.000000,0.000000,0.000000,1.000000,1.000000
wrong_year-1,SySaJ0xCZ,2017,unknown,0.000000,0.000000,1.000000,0.000000,-0.000000
wrong_year-1,B1bgpzZAZ,2017,unknown,0.000000,0.000000,1.000000,0.000000,-0.000000
wrong_year-1,SyW4Gjg0W,2017,unknown,0.000000,0.000000,1.000000,0.000000,-0.000000
wrong_year-1,HklyMhCqYQ,2018,unknown,0.000000,0.000000,1.000000,0.000000,0.000000
wrong_year-1,BkQCGzZ0-,2017,unknown,0.000000,0.000000,1.000000,0.000000,0.000000
wrong_year-1,H1x9004YPr,2019,unknown,0.000000,0.000000,1.000000,0.000000,0.000000
wrong_year-1,BylJUTEKvB,2019,unknown,0.000000,0.000000,1.000000,0.000000,-0.000000
wrong_year-1,HJxeWnCcF7,2018,unknown,0.000000,0.000000,1.000000,0.000000,0.000000
wrong_year-1,BkDB51WR-,2017,unknown,0.000000,0.000000,1.000000,0.000000,0.000000
wrong_year-1,HkgtJRVFPS,2019,rejected,0.000002,0.999998,0.000000,1.000000,-0.999996
wrong_year-1,rJx1Na4Fwr,2019,rejected,0.000000,1.000000,0.000000,1.000000,-1.000000
wrong_year-1,S1gV6AVKwB,2019,unknown,0.000000,0.000000,1.000000,0.000000,0.000000
wrong_year-1,BklKFo09YX,2018,unknown,0.000000,0.000000,1.000000,0.000000,0.000000
wrong_year-1,B17JTOe0-,2017,unknown,0.000000,0.000000,1.000000,0.000000,0.000000
wrong_year-1,H1z_Z2A5tX,2018,unknown,0.000000,0.000000,1.000000,0.000000,0.000000
wrong_year-1,rkg6PhNKDr,2019,unknown,0.000000,0.000000,1.000000,0.000000,-0.000000
wrong_year-1,Skk3Jm96W,2017,unknown,0.000000,0.000000,1.000000,0.000000,-0.000000
wrong_year-1,SkxcSpEKPS,2019,unknown,0.000000,0.000000,1.000000,0.000000,0.000000
wrong_year-1,H1g6kaVKvH,2019,unknown,0.000000,0.000000,1.000000,0.000000,-0.000000
wrong_year-1,SyxYEoA5FX,2018,unknown,0.000000,0.000000,1.000000,0.000000,0.000000
wrong_year-1,rkhlb8lCZ,2017,unknown,0.000000,0.000000,1.000000,0.000000,0.000000
wrong_year-1,r1ge8sCqFX,2018,unknown,0.000000,0.000000,1.000000,0.000000,0.000000
wrong_year-1,HJeuOiRqKQ,2018,accepted,1.000000,0.000000,0.000000,1.000000,0.999999
wrong_year-1,BkCV_W-AZ,2017,unknown,0.000000,0.000000,1.000000,0.000000,0.000000
wrong_year-1,HJrJpzZRZ,2017,unknown,0.000000,0.000000,1.000000,0.000000,0.000000
wrong_year-1,ryxjnREFwH,2019,accepted,1.000000,0.000000,0.000000,1.000000,1.000000
wrong_year-1,BkxX30EFPS,2019,unknown,0.000000,0.000000,1.000000,0.000000,0.000000
wrong_year-1,H1lefTEKDS,2019,unknown,0.000000,0.000000,1.000000,0.000000,0.000000
wrong_year-1,SkrHeXbCW,2017,unknown,0.000000,0.000000,1.000000,0.000000,0.000000
wrong_year-1,HJxyAjRcFX,2018,unknown,0.000000,0.000000,1.000000,0.000000,0.000000
wrong_year-1,HyNbtiR9YX,2018,unknown,0.000000,0.000000,1.000000,0.000000,-0.000000
wrong_year-1,SJxJtiRqt7,2018,unknown,0.000000,0.000000,1.000000,0.000000,-0.000000
wrong_year-1,rJe8pxSFwr,2019,unknown,0.000000,0.000000,1.000000,0.000000,0.000000
wrong_year-1,r1l7E1HFPH,2019,unknown,0.000000,0.000000,1.000000,0.000000,0.000000
wrong_year-1,HyMxAi05Km,2018,unknown,0.000000,0.000000,1.000000,0.000000,0.000000
wrong_year-1,S1e4Q6EtDH,2019,unknown,0.000000,0.000000,1.000000,0.000000,0.000000
wrong_year-1,SyzKd1bCW,2017,unknown,0.000000,0.000000,1.000000,0.000000,0.000000
wrong_year-1,By5ugjyCb,2017,accepted,1.000000,0.000000,0.000000,1.000000,1.000000
wrong_year-1,rJehVyrKwH,2019,unknown,0.000000,0.000000,1.000000,0.000000,0.000000
wrong_year-1,H1eKT1SFvH,2019,unknown,0.000000,0.000000,1.000000,0.000000,0.000000
wrong_year-1,BJlgt2EYwr,2019,unknown,0.000000,0.000000,1.000000,0.000000,0.000000
wrong_year-1,S1eBzhRqK7,2018,unknown,0.000000,0.000000,1.000000,0.000000,-0.000000
wrong_year-1,HyxehhNtvS,2019,unknown,0.000000,0.000000,1.000000,0.000000,0.000000
wrong_year-1,ryen_CEFwr,2019,unknown,0.000000,0.000000,1.000000,0.000000,0.000000
wrong_year-1,HkxZigSYwS,2019,unknown,0.000000,0.000000,1.000000,0.000000,-0.000000
wrong_year-1,ry018WZAZ,2017,unknown,0.000000,0.000000,1.000000,0.000000,0.000000
wrong_year-1,BygPq6VFvS,2019,unknown,0.000000,0.000000,1.000000,0.000000,0.000000
wrong_year-1,Bkl2SjCcKQ,2018,unknown,0.000000,0.000000,1.000000,0.000000,-0.000000
wrong_year-1,r1laNeBYPB,2019,unknown,0.000000,0.000000,1.000000,0.000000,0.000000
wrong_year-1,BkpiPMbA-,2017,unknown,0.000000,0.000000,1.000000,0.000000,0.000000
wrong_year-1,SyxfEn09Y7,2018,accepted,1.000000,0.000000,0.000000,1.000000,1.000000
wrong_year-1,HklFUlBKPB,2019,unknown,0.000000,0.000000,1.000000,0.000000,0.000000
wrong_year-1,BJeGZxrFvS,2019,unknown,0.000000,0.000000,1.000000,0.000000,-0.000000
wrong_year-1,SkmM6M_pW,2017,unknown,0.000000,0.000000,1.000000,0.000000,0.000000
wrong_year-1,r1xwKoR9Y7,2018,accepted,1.000000,0.000000,0.000000,1.000000,1.000000
wrong_year-1,HyeGBj09Fm,2018,unknown,0.000000,0.000000,1.000000,0.000000,0.000000
wrong_year-1,Syl8Sn0cK7,2018,unknown,0.000000,0.000000,1.000000,0.000000,0.000000
wrong_year-1,Sye_OgHFwH,2019,unknown,0.000000,0.000000,1.000000,0.000000,0.000000
wrong_year-1,HJxEhREKDH,2019,accepted,1.000000,0.000000,0.000000,1.000000,1.000000
wrong_year-1,By4HsfWAZ,2017,unknown,0.000000,0.000000,1.000000,0.000000,0.000000
wrong_year-1,ryF-cQ6T-,2017,unknown,0.000000,0.000000,1.000000,0.000000,0.000000
wrong_year-1,ryepUj0qtX,2018,unknown,0.000000,0.000000,1.000000,0.000000,0.000000
wrong_year-1,SkgiX2Aqtm,2018,unknown,0.000000,0.000000,1.000000,0.000000,0.000000
wrong_year-1,rJxycxHKDS,2019,unknown,0.000000,0.000000,1.000000,0.000000,0.000000
wrong_year-1,SyeYiyHFDH,2019,unknown,0.000000,0.000000,1.000000,0.000000,0.000000
wrong_year-1,SklgfkSFPH,2019,unknown,0.000000,0.000000,1.000000,0.000000,0.000000
wrong_year-1,SJequsCqKQ,2018,unknown,0.000000,0.000000,1.000000,0.000000,0.000000
wrong_year-1,Byx0PREtDH,2019,unknown,0.000000,0.000000,1.000000,0.000000,0.000000
wrong_year-1,Hye1RJHKwB,2019,unknown,0.000000,0.000000,1.000000,0.000000,0.000000
wrong_year-1,SJlVY04FwH,2019,unknown,0.000000,0.000000,1.000000,0.000000,0.000000
wrong_year-1,Byf5-30qFX,2018,unknown,0.000000,0.000000,1.000000,0.000000,0.000000
wrong_year-1,BylsKkHYvH,2019,unknown,0.000000,0.000000,1.000000,0.000000,-0.000000
wrong_year-1,H1gTEj09FX,2018,unknown,0.000000,0.000000,1.000000,0.000000,-0.000000
wrong_year-1,ryeh4jA9F7,2018,unknown,0.000000,0.000000,1.000000,0.000000,0.000000
wrong_year-1,HJxdAoCcYX,2018,unknown,0.000000,0.000000,1.000000,0.000000,0.000000
wrong_year-1,HygQBn0cYm,2018,unknown,0.000000,0.000000,1.000000,0.000000,0.000000
wrong_year-1,rkeiQlBFPB,2019,unknown,0.000000,0.000000,1.000000,0.000000,0.000000
wrong_year-1,H1ewdiR5tQ,2018,unknown,0.000000,0.000000,1.000000,0.000000,0.000000
wrong_year-1,S1lSapVtwS,2019,unknown,0.000000,0.000000,1.000000,0.000000,0.000000
wrong_year-1,SkgsACVKPH,2019,accepted,1.000000,0.000000,0.000000,1.000000,1.000000
wrong_year-1,BJxSI1SKDH,2019,unknown,0.000000,0.000000,1.000000,0.000000,0.000000
wrong_year-1,HJgySxSKvB,2019,unknown,0.000000,0.000000,1.000000,0.000000,0.000000
wrong_year-1,SJe3KCNKPr,2019,unknown,0.000000,0.000000,1.000000,0.000000,-0.000000
wrong_year-1,rJ7yZ2P6-,2017,unknown,0.000000,0.000000,1.000000,0.000000,0.000000
wrong_year-1,H1lTUCVYvH,2019,rejected,0.000000,1.000000,0.000000,1.000000,-1.000000
wrong_year-1,HklXn1BKDH,2019,unknown,0.000000,0.000000,1.000000,0.000000,0.000000
wrong_year-1,BylWglrYPH,2019,unknown,0.000000,0.000000,1.000000,0.000000,-0.000000
wrong_year-1,SJzRZ-WCZ,2017,unknown,0.000000,0.000000,1.000000,0.000000,0.000000
wrong_year-1,SylpBgrKPH,2019,accepted,1.000000,0.000000,0.000000,1.000000,0.999999
wrong_year-1,S1xitgHtvS,2019,unknown,0.000000,0.000000,1.000000,0.000000,0.000000
wrong_year-1,HkxAS6VFDB,2019,rejected,0.000000,1.000000,0.000000,1.000000,-1.000000
wrong_year-1,Syl5o2EFPB,2019,unknown,0.000000,0.000000,1.000000,0.000000,0.000000
wrong_year-1,HklSeREtPB,2019,accepted,1.000000,0.000000,0.000000,1.000000,1.000000
wrong_year-1,SkMwpiR9Y7,2018,unknown,0.000000,0.000000,1.000000,0.000000,0.000000
wrong_year-1,HJxrVA4FDS,2019,unknown,0.000000,0.000000,1.000000,0.000000,0.000000
wrong_year-1,SyNvti09KQ,2018,unknown,0.000000,0.000000,1.000000,0.000000,-0.000000
wrong_year-1,SkT5Yg-RZ,2017,rejected,0.000000,1.000000,0.000000,1.000000,-1.000000
wrong_year-1,r1egIyBFPS,2019,unknown,0.000000,0.000000,1.000000,0.000000,0.000000
wrong_year-1,S1eYHoC5FX,2018,unknown,0.072377,0.000000,0.000000,0.072377,0.072377
wrong_year-1,rJlnfaNYvB,2019,unknown,0.000000,0.000000,1.000000,0.000000,0.000000
wrong_year-1,S1gtclSFvr,2019,unknown,0.000000,0.000000,1.000000,0.000000,0.000000
wrong_year-1,HJxwAo09KQ,2018,unknown,0.000000,0.000000,1.000000,0.000000,-0.000000
wrong_year-1,Hy_o3x-0b,2017,unknown,0.000000,0.000000,1.000000,0.000000,0.000000
wrong_year-1,SylzhkBtDB,2019,unknown,0.000000,0.000000,1.000000,0.000000,0.000000
wrong_year-1,HJlNpoA5YQ,2018,unknown,0.000000,0.000000,1.000000,0.000000,0.000000
wrong_year-1,HkxCEhAqtQ,2018,unknown,0.000000,0.000000,1.000000,0.000000,0.000000
wrong_year-1,SJzMATlAZ,2017,unknown,0.000000,0.000000,1.000000,0.000000,0.000000
wrong_year-1,rkg3kRNKvH,2019,unknown,0.000000,0.000000,1.000000,0.000000,0.000000
wrong_year-1,SyunbfbAb,2017,unknown,0.361835,0.248685,0.000000,0.610521,0.113150
wrong_year-1,H1UOm4gA-,2017,unknown,0.000000,0.000000,1.000000,0.000000,0.000000
wrong_year-1,BJedHRVtPB,2019,unknown,0.000000,0.000000,1.000000,0.000000,0.000000
wrong_year-1,S1xCuTNYDr,2019,unknown,0.000000,0.000000,1.000000,0.000000,0.000000
wrong_year-1,rkltE0VKwH,2019,unknown,0.000000,0.000000,1.000000,0.000000,0.000000
wrong_year-1,HymuJz-A-,2017,rejected,0.000001,0.999998,0.000001,0.999999,-0.999997
wrong_year-1,ByxHJeBYDB,2019,unknown,0.000000,0.000000,1.000000,0.000000,0.000000
wrong_year-1,HyxJhCEFDS,2019,unknown,0.000000,0.000000,1.000000,0.000000,0.000000
wrong_year-1,H113pWZRb,2017,unknown,0.000000,0.000000,1.000000,0.000000,-0.000000
wrong_year-1,H1gfFaEYDS,2019,unknown,0.000000,0.000000,1.000000,0.000000,0.000000
wrong_year-1,rJaE2alRW,2017,unknown,0.000000,0.000000,1.000000,0.000000,0.000000
wrong_year-1,ryxz8CVYDH,2019,unknown,0.000000,0.000000,1.000000,0.000000,0.000000
wrong_year-1,BJgklhAcK7,2018,unknown,0.000027,0.245085,0.754887,0.245111,-0.245058
wrong_year-1,HyxLRTVKPH,2019,unknown,0.000000,0.000000,1.000000,0.000000,-0.000000
wrong_year-1,r17lFgZ0Z,2017,unknown,0.000000,0.000000,1.000000,0.000000,0.000000
