paper_id,year,decile,citation_pct_rank,gen_chars,ref_chars,rougeL_target,rougeL_decoy_mean,rougeL_decoy_max,rougeL_margin,lcs_target,lcs_decoy_mean,eight_target,eight_decoy_mean,eight_decoy_max,extractable
rJ695PxRW,2018,0,0.0443,841,1172,0.1742,0.1549,0.1754,0.0193,0.0309,0.0205,0.0000,0.0000,0.0000,0
SJl8gnAqtX,2019,0,0.0427,760,1267,0.1103,0.1207,0.1451,-0.0104,0.0197,0.0218,0.0000,0.0000,0.0000,0
rklj3gBYvH,2020,0,0.0481,885,1133,0.2020,0.1440,0.1546,0.0580,0.0520,0.0174,0.0000,0.0000,0.0000,0
rJlg1n05YX,2019,0,0.0325,749,1288,0.1433,0.1331,0.1606,0.0102,0.0214,0.0214,0.0000,0.0000,0.0000,0
r1saNM-RW,2018,0,0.0784,890,933,0.2132,0.1509,0.2383,0.0624,0.0236,0.0148,0.0000,0.0000,0.0000,0
HJex0o05F7,2019,0,0.0325,615,547,0.1404,0.1245,0.1561,0.0159,0.0228,0.0254,0.0000,0.0000,0.0000,0
Bki1Ct1AW,2018,0,0.0287,796,932,0.2008,0.1578,0.1789,0.0430,0.0440,0.0173,0.0000,0.0000,0.0000,0
SkeUG30cFQ,2019,0,0.0325,485,595,0.2515,0.1263,0.1478,0.1252,0.0454,0.0313,0.0000,0.0000,0.0000,0
B1ethsR9Ym,2019,0,0.0726,644,571,0.2428,0.1491,0.1711,0.0937,0.0311,0.0295,0.0000,0.0000,0.0000,0
rJlcV2Actm,2019,0,0.0325,723,1431,0.2138,0.1355,0.1530,0.0784,0.0290,0.0210,0.0000,0.0000,0.0000,0
HyMuaiAqY7,2019,0,0.0726,822,793,0.2835,0.1380,0.1607,0.1454,0.0401,0.0178,0.0000,0.0000,0.0000,0
HJgJS30qtm,2019,0,0.0325,685,693,0.1827,0.1372,0.2231,0.0455,0.0394,0.0216,0.0000,0.0000,0.0000,0
Bkxdqj0cFQ,2019,0,0.0325,746,770,0.1991,0.1394,0.1576,0.0597,0.0295,0.0161,0.0000,0.0000,0.0000,0
rklEUjR5tm,2019,0,0.0325,820,1407,0.1731,0.1200,0.1362,0.0531,0.0354,0.0156,0.0000,0.0000,0.0000,0
Byldr3RqKX,2019,0,0.0325,805,721,0.1991,0.1423,0.1605,0.0568,0.0236,0.0169,0.0000,0.0000,0.0000,0
SyqAPeWAZ,2018,0,0.0667,800,765,0.1721,0.1482,0.1880,0.0240,0.0225,0.0202,0.0000,0.0000,0.0000,0
H1lUOsA9Fm,2019,0,0.0726,678,878,0.1266,0.1414,0.1719,-0.0148,0.0251,0.0277,0.0000,0.0000,0.0000,0
SJl7DsR5YQ,2019,0,0.0552,663,1688,0.1604,0.1698,0.1921,-0.0094,0.0226,0.0278,0.0000,0.0000,0.0000,0
rJx8ylSKvr,2020,0,0.0481,960,1366,0.2063,0.1625,0.1800,0.0438,0.0312,0.0140,0.0000,0.0000,0.0000,0
SJtChcgAW,2018,0,0.0287,651,748,0.2535,0.1343,0.1674,0.1192,0.0246,0.0240,0.0000,0.0000,0.0000,0
ByuP8yZRb,2018,0,0.0287,643,1187,0.1978,0.1398,0.1554,0.0580,0.0669,0.0299,0.0000,0.0000,0.0000,0
B1kIr-WRb,2018,0,0.0479,504,1054,0.1597,0.1542,0.1824,0.0055,0.0357,0.0508,0.0000,0.0000,0.0000,0
Hyghb2Rct7,2019,0,0.0552,770,1639,0.1853,0.1490,0.1586,0.0363,0.0338,0.0210,0.0000,0.0000,0.0000,0
B1MX5j0cFX,2019,0,0.0325,596,1275,0.2071,0.1430,0.1614,0.0642,0.0403,0.0221,0.0000,0.0000,0.0000,0
BJaU__eCZ,2018,0,0.0443,772,1285,0.2041,0.1618,0.1757,0.0423,0.0518,0.0324,0.0000,0.0000,0.0000,0
HkgnpiR9Y7,2019,0,0.0726,637,1465,0.2310,0.1731,0.1928,0.0579,0.0455,0.0308,0.0000,0.0000,0.0000,0
BJEOOsCqKm,2019,0,0.0325,838,1258,0.1650,0.1485,0.1772,0.0165,0.0274,0.0186,0.0000,0.0000,0.0000,0
SyzjBiR9t7,2019,0,0.0325,654,1691,0.1948,0.1387,0.1531,0.0561,0.0382,0.0278,0.0000,0.0000,0.0000,0
rJl6M2C5Y7,2019,0,0.0325,847,1032,0.1293,0.1451,0.1825,-0.0158,0.0272,0.0227,0.0000,0.0000,0.0000,0
BkG5SjR5YQ,2019,1,0.1032,875,1002,0.1612,0.1308,0.1494,0.0304,0.0354,0.0158,0.0000,0.0000,0.0000,0
rJgQkT4twH,2020,1,0.1000,585,943,0.1586,0.1385,0.1626,0.0201,0.0479,0.0294,0.0000,0.0000,0.0000,0
rJG8asRqKX,2019,1,0.1603,698,1065,0.1811,0.1135,0.1275,0.0676,0.0344,0.0206,0.0000,0.0000,0.0000,0
B1x5KiCcFX,2019,1,0.1032,418,947,0.1765,0.1204,0.1402,0.0561,0.0502,0.0364,0.0000,0.0000,0.0000,0
H1e6ij0cKQ,2019,1,0.1032,591,862,0.1888,0.1514,0.1649,0.0374,0.0305,0.0362,0.0000,0.0000,0.0000,0
HJGcNz-0W,2018,1,0.1634,725,730,0.2133,0.1535,0.1803,0.0599,0.0428,0.0309,0.0000,0.0000,0.0000,0
HyxOIoRqFQ,2019,1,0.1603,642,1371,0.2027,0.1686,0.2222,0.0341,0.0545,0.0259,0.0000,0.0000,0.0000,0
Syt0r4bRZ,2018,1,0.1301,568,502,0.3464,0.1458,0.1719,0.2006,0.0933,0.0285,0.0000,0.0000,0.0000,0
B1nLkl-0Z,2018,1,0.1179,566,912,0.1966,0.1502,0.1818,0.0464,0.0300,0.0276,0.0000,0.0000,0.0000,0
HyxjwgbRZ,2018,1,0.1865,478,741,0.2280,0.1391,0.1498,0.0889,0.0439,0.0289,0.0000,0.0000,0.0000,0
BJxRVnC5Fm,2019,1,0.1032,454,503,0.1842,0.1426,0.1935,0.0416,0.0374,0.0396,0.0000,0.0000,0.0000,0
SJxE3jlA-,2018,1,0.1179,645,609,0.1753,0.1228,0.1350,0.0524,0.0372,0.0366,0.0000,0.0000,0.0000,0
rkxtl3C5YX,2019,0,0.0552,601,1649,0.1257,0.1557,0.1811,-0.0300,0.0399,0.0300,0.0000,0.0000,0.0000,0
S1lPShAqFm,2019,1,0.1032,583,870,0.1574,0.1638,0.1957,-0.0063,0.0446,0.0271,0.0000,0.0000,0.0000,0
rJzoujRct7,2019,1,0.1948,405,591,0.2236,0.1265,0.1511,0.0971,0.0667,0.0538,0.0000,0.0000,0.0000,0
rJxtgJBKDr,2020,1,0.1378,734,971,0.2179,0.1191,0.1519,0.0988,0.0436,0.0180,0.0000,0.0000,0.0000,0
H1lIzhC9FX,2019,1,0.1032,568,700,0.1768,0.1158,0.1277,0.0610,0.0423,0.0208,0.0000,0.0000,0.0000,0
B1EVwkqTW,2018,1,0.1258,581,941,0.1878,0.1441,0.1818,0.0436,0.0516,0.0299,0.0000,0.0000,0.0000,0
HkGSniC9FQ,2019,1,0.1603,586,845,0.2202,0.1566,0.1928,0.0636,0.0444,0.0256,0.0000,0.0000,0.0000,0
B1GIB3A9YX,2019,1,0.1364,578,617,0.1486,0.1296,0.1575,0.0189,0.0415,0.0308,0.0000,0.0000,0.0000,0
BJgd7m0xRZ,2018,1,0.1258,736,1256,0.1678,0.1353,0.1532,0.0326,0.0516,0.0285,0.0000,0.0000,0.0000,0
Skx5txzb0W,2018,1,0.1258,500,375,0.1727,0.1434,0.1682,0.0293,0.0700,0.0336,0.0000,0.0000,0.0000,0
HkzOWnActX,2019,1,0.1032,741,863,0.2185,0.1236,0.1408,0.0948,0.0391,0.0162,0.0000,0.0000,0.0000,0
rkeYUsRqKQ,2019,1,0.1951,606,1116,0.1712,0.1586,0.1846,0.0126,0.0347,0.0244,0.0000,0.0000,0.0000,0
ryza73R9tQ,2019,1,0.1951,538,1227,0.1805,0.1499,0.1990,0.0306,0.0651,0.0342,0.0000,0.0000,0.0000,0
HyI5ro0pW,2018,1,0.1258,952,789,0.1984,0.1484,0.1846,0.0500,0.0378,0.0183,0.0000,0.0000,0.0000,0
rygVV205KQ,2019,1,0.1948,760,1251,0.1622,0.1269,0.1509,0.0352,0.0303,0.0200,0.0000,0.0000,0.0000,0
ryeX-nC9YQ,2019,2,0.2873,569,921,0.2193,0.1452,0.1595,0.0741,0.0492,0.0264,0.0000,0.0000,0.0000,0
ryeFzT4YPr,2020,2,0.2500,673,1163,0.1723,0.1476,0.1974,0.0247,0.0267,0.0211,0.0000,0.0000,0.0000,0
SkgE8sRcK7,2019,2,0.2435,529,704,0.2959,0.1345,0.1949,0.1614,0.0548,0.0302,0.0000,0.0000,0.0000,0
Skl3M20qYQ,2019,1,0.1624,538,929,0.2140,0.1272,0.1474,0.0868,0.0799,0.0338,0.0000,0.0000,0.0000,0
S1GUgxgCW,2018,2,0.2260,511,673,0.3094,0.1576,0.1773,0.1518,0.0959,0.0270,0.0000,0.0000,0.0000,0
SkfhIo0qtQ,2019,2,0.2400,724,825,0.1786,0.1014,0.1245,0.0772,0.0401,0.0243,0.0000,0.0000,0.0000,0
Hye6uoC9tm,2019,1,0.1364,894,709,0.1614,0.1299,0.1525,0.0315,0.0291,0.0172,0.0000,0.0000,0.0000,0
rJTutzbA-,2018,2,0.2947,527,1432,0.1356,0.1325,0.1584,0.0031,0.0361,0.0273,0.0000,0.0000,0.0000,0
SJ19eUg0-,2018,2,0.2947,561,693,0.2099,0.1327,0.1448,0.0773,0.0570,0.0289,0.0000,0.0000,0.0000,0
ryfaViR9YX,2019,2,0.2222,625,620,0.1895,0.1526,0.1693,0.0369,0.0272,0.0240,0.0000,0.0000,0.0000,0
r1gNni0qtm,2019,2,0.2873,627,735,0.1878,0.1376,0.1613,0.0501,0.0319,0.0242,0.0000,0.0000,0.0000,0
SkVe3iA9Ym,2019,2,0.2987,847,870,0.1992,0.1106,0.1255,0.0886,0.0366,0.0238,0.0000,0.0000,0.0000,0
rJlpUiAcYX,2019,1,0.1960,514,205,0.1593,0.1407,0.1769,0.0186,0.0486,0.0268,0.0000,0.0000,0.0000,0
rkglZyHtvH,2020,2,0.2147,663,937,0.2510,0.1624,0.1920,0.0886,0.0377,0.0308,0.0000,0.0000,0.0000,0
ByCPHrgCW,2018,2,0.2163,861,798,0.1579,0.1291,0.1463,0.0288,0.0279,0.0181,0.0000,0.0000,0.0000,0
rkw-jlb0W,2018,2,0.2911,777,1128,0.1544,0.1631,0.2174,-0.0087,0.0232,0.0268,0.0000,0.0000,0.0000,0
BygrtoC9Km,2019,2,0.2548,551,973,0.2044,0.1204,0.1538,0.0841,0.0599,0.0225,0.0000,0.0000,0.0000,0
BJzmzn0ctX,2019,1,0.1032,621,1668,0.1823,0.1602,0.1969,0.0222,0.0354,0.0219,0.0000,0.0000,0.0000,0
rklz16Vtvr,2020,2,0.2660,915,1115,0.1862,0.1406,0.2134,0.0456,0.0470,0.0216,0.0000,0.0000,0.0000,0
B1mvVm-C-,2018,2,0.2736,507,765,0.2126,0.1979,0.2093,0.0147,0.0355,0.0359,0.0000,0.0000,0.0000,0
ryeG924twB,2020,2,0.2656,605,1448,0.1841,0.1438,0.1826,0.0403,0.0397,0.0364,0.0000,0.0000,0.0000,0
B1g29oAqtm,2019,2,0.2435,761,725,0.1964,0.1345,0.1456,0.0619,0.0604,0.0210,0.0000,0.0000,0.0000,0
r1Nb5i05tX,2019,2,0.2548,719,1165,0.1558,0.1471,0.1858,0.0088,0.0278,0.0223,0.0000,0.0000,0.0000,0
Byxz4n09tQ,2019,2,0.2873,757,1083,0.1845,0.1650,0.2130,0.0195,0.0410,0.0246,0.0000,0.0000,0.0000,0
Hk3ddfWRW,2018,2,0.2736,593,1079,0.1853,0.1494,0.1981,0.0359,0.0354,0.0277,0.0000,0.0000,0.0000,0
HygT9oRqFX,2019,3,0.3373,738,1077,0.1894,0.1310,0.1614,0.0584,0.0325,0.0211,0.0000,0.0000,0.0000,0
S14h9sCqYm,2019,3,0.3619,687,896,0.3223,0.1638,0.1905,0.1585,0.0466,0.0335,0.0000,0.0000,0.0000,0
rJxq3kHKPH,2020,2,0.2660,641,659,0.2381,0.1527,0.2044,0.0853,0.0406,0.0284,0.0000,0.0000,0.0000,0
SJCPLLpaW,2018,3,0.3786,529,349,0.1613,0.0964,0.1105,0.0649,0.0265,0.0257,0.0000,0.0000,0.0000,0
SJlh2jR9FX,2019,3,0.3034,719,1273,0.1418,0.1305,0.1494,0.0113,0.0306,0.0197,0.0000,0.0000,0.0000,0
BybQ7zWCb,2018,3,0.3228,876,1232,0.2313,0.1481,0.1647,0.0831,0.0342,0.0160,0.0000,0.0000,0.0000,0
SJzYdsAqY7,2019,3,0.3619,837,1482,0.2648,0.1578,0.1780,0.1070,0.0346,0.0170,0.0000,0.0000,0.0000,0
Hk0wHx-RW,2018,3,0.3499,939,486,0.2463,0.1299,0.1485,0.1164,0.0319,0.0181,0.0000,0.0000,0.0000,0
rJxlc0EtDr,2020,3,0.3910,635,1109,0.1527,0.1443,0.1899,0.0085,0.0283,0.0280,0.0000,0.0000,0.0000,0
r1fWmnR5tm,2019,3,0.3373,796,954,0.1977,0.1179,0.1435,0.0798,0.0327,0.0191,0.0000,0.0000,0.0000,0
rke5R1SFwS,2020,2,0.2147,621,931,0.1841,0.1417,0.1594,0.0424,0.0386,0.0283,0.0000,0.0000,0.0000,0
HJCXZQbAZ,2018,2,0.2260,676,807,0.1421,0.1191,0.1495,0.0230,0.0385,0.0254,0.0000,0.0000,0.0000,0
ByeMB3Act7,2019,3,0.3865,773,1385,0.1777,0.1458,0.1967,0.0319,0.0233,0.0186,0.0000,0.0000,0.0000,0
rJxug2R9Km,2019,3,0.3734,462,844,0.2000,0.1229,0.1429,0.0771,0.0455,0.0234,0.0000,0.0000,0.0000,0
S1HlA-ZAZ,2018,3,0.3608,675,756,0.1675,0.1240,0.1451,0.0435,0.0385,0.0222,0.0000,0.0000,0.0000,0
B1IDRdeCW,2018,3,0.3499,544,1185,0.1955,0.1443,0.1727,0.0512,0.0441,0.0287,0.0000,0.0000,0.0000,0
ryf6Fs09YX,2019,3,0.3127,740,864,0.1957,0.1521,0.2101,0.0436,0.0392,0.0259,0.0000,0.0000,0.0000,0
Hkg1YiAcK7,2019,3,0.3846,531,828,0.3396,0.1822,0.2081,0.1574,0.0678,0.0324,0.0000,0.0000,0.0000,0
r1lFIiR9tQ,2019,2,0.2222,637,638,0.1709,0.1706,0.2035,0.0002,0.0204,0.0317,0.0000,0.0000,0.0000,0
r1l4eQW0Z,2018,2,0.2517,690,636,0.2065,0.1432,0.1636,0.0634,0.0565,0.0241,0.0000,0.0000,0.0000,0
ByxHb3R5tX,2019,3,0.3961,806,923,0.2015,0.1474,0.1769,0.0541,0.0422,0.0228,0.0000,0.0000,0.0000,0
SkOb1Fl0Z,2018,3,0.3113,782,993,0.1660,0.1368,0.1538,0.0292,0.0575,0.0225,0.0000,0.0000,0.0000,0
B1mSWUxR-,2018,3,0.3499,614,1506,0.2288,0.1447,0.1577,0.0841,0.0619,0.0208,0.0000,0.0000,0.0000,0
B1QgVti6Z,2018,3,0.3256,663,1476,0.2059,0.1492,0.1727,0.0566,0.0513,0.0253,0.0000,0.0000,0.0000,0
r1NYjfbR-,2018,2,0.2468,453,589,0.1600,0.1580,0.1786,0.0020,0.0508,0.0336,0.0000,0.0000,0.0000,0
rklQas09tm,2019,3,0.3865,645,978,0.2024,0.1410,0.1712,0.0614,0.0465,0.0211,0.0000,0.0000,0.0000,0
SJQHjzZ0-,2018,3,0.3797,564,569,0.2428,0.1631,0.1857,0.0797,0.0355,0.0330,0.0000,0.0000,0.0000,0
r11Q2SlRW,2018,3,0.3924,631,811,0.1422,0.1414,0.1474,0.0008,0.0460,0.0266,0.0000,0.0000,0.0000,0
HJvvRoe0W,2018,4,0.4051,743,608,0.1837,0.1225,0.1974,0.0612,0.0431,0.0213,0.0000,0.0000,0.0000,0
H1VjBebR-,2018,3,0.3113,676,1162,0.1844,0.1359,0.1868,0.0485,0.0296,0.0210,0.0000,0.0000,0.0000,0
ryxz8CVYDH,2020,3,0.3622,793,914,0.1760,0.1415,0.1588,0.0345,0.0252,0.0280,0.0000,0.0000,0.0000,0
Bk-ofQZRb,2018,3,0.3255,312,729,0.2209,0.1484,0.1899,0.0725,0.0577,0.0436,0.0000,0.0000,0.0000,0
Byxpfh0cFm,2019,3,0.3865,496,786,0.2300,0.1407,0.1631,0.0893,0.0484,0.0319,0.0000,0.0000,0.0000,0
rklr9kHFDB,2020,3,0.3013,957,1025,0.1824,0.1294,0.1575,0.0531,0.0167,0.0169,0.0000,0.0000,0.0000,0
rke3U6NtwH,2020,3,0.3333,833,1070,0.2222,0.1246,0.1364,0.0976,0.0396,0.0178,0.0000,0.0000,0.0000,0
BygANhA9tQ,2019,4,0.4524,645,777,0.2843,0.1318,0.1472,0.1525,0.0589,0.0267,0.0000,0.0000,0.0000,0
rkgBHoCqYX,2019,3,0.3127,452,598,0.1963,0.1392,0.1647,0.0571,0.0597,0.0301,0.0000,0.0000,0.0000,0
SJgsCjCqt7,2019,4,0.4231,457,860,0.1587,0.1459,0.1676,0.0129,0.0547,0.0319,0.0000,0.0000,0.0000,0
SJyfrl-0b,2018,4,0.4382,837,878,0.2053,0.1427,0.1752,0.0626,0.0478,0.0241,0.0000,0.0000,0.0000,0
SyVU6s05K7,2019,4,0.4984,809,1436,0.1701,0.1318,0.1448,0.0382,0.0457,0.0225,0.0000,0.0000,0.0000,0
SyMras0cFQ,2019,4,0.4675,579,1746,0.1703,0.1825,0.2191,-0.0121,0.0570,0.0304,0.0000,0.0000,0.0000,0
SyL9u-WA-,2018,4,0.4150,666,1220,0.2606,0.1398,0.1500,0.1208,0.0526,0.0267,0.0000,0.0000,0.0000,0
rJxqZkSFDB,2020,4,0.4295,792,1091,0.2456,0.1635,0.2447,0.0821,0.0455,0.0328,0.0000,0.0000,0.0000,0
Sklqvo0qt7,2019,4,0.4524,399,575,0.2738,0.1672,0.2095,0.1066,0.0426,0.0281,0.0000,0.0000,0.0000,0
r1RF3ExCb,2018,4,0.4304,609,638,0.2032,0.1490,0.1714,0.0542,0.0443,0.0282,0.0000,0.0000,0.0000,0
rJQDjk-0b,2018,4,0.4724,621,1171,0.1490,0.1287,0.1604,0.0204,0.0612,0.0267,0.0000,0.0000,0.0000,0
rygoURNYvS,2020,4,0.4286,552,1156,0.1866,0.1400,0.1781,0.0466,0.0598,0.0337,0.0000,0.0000,0.0000,0
HkG3e205K7,2019,4,0.4310,617,1380,0.1745,0.1301,0.1399,0.0444,0.0535,0.0298,0.0000,0.0000,0.0000,0
SkAK2jg0b,2018,4,0.4051,636,991,0.1983,0.1417,0.1603,0.0567,0.0409,0.0236,0.0000,0.0000,0.0000,0
r1pW0WZAW,2018,4,0.4382,709,686,0.1589,0.1347,0.1499,0.0242,0.0339,0.0217,0.0000,0.0000,0.0000,0
SJGyFiRqK7,2019,4,0.4310,381,1012,0.1732,0.1342,0.1518,0.0390,0.0394,0.0441,0.0000,0.0000,0.0000,0
rJYFzMZC-,2018,4,0.4890,702,659,0.2199,0.1452,0.1673,0.0747,0.0527,0.0188,0.0000,0.0000,0.0000,0
rkevSgrtPr,2020,4,0.4295,677,1235,0.2317,0.1585,0.1976,0.0732,0.0547,0.0242,0.0000,0.0000,0.0000,0
rJxok1BYPr,2020,4,0.4286,792,1069,0.1544,0.1455,0.1681,0.0089,0.0303,0.0250,0.0000,0.0000,0.0000,0
B1bgpzZAZ,2018,4,0.4521,617,1642,0.2369,0.1677,0.2222,0.0693,0.0519,0.0311,0.0000,0.0000,0.0000,0
SylCrnCcFX,2019,4,0.4984,458,825,0.2165,0.1559,0.2159,0.0605,0.0742,0.0371,0.0000,0.0000,0.0000,0
rJedbn0ctQ,2019,4,0.4512,734,998,0.1484,0.1010,0.1200,0.0475,0.0395,0.0199,0.0000,0.0000,0.0000,0
B1n8LexRZ,2018,4,0.4724,482,558,0.1951,0.1336,0.1648,0.0615,0.0332,0.0295,0.0000,0.0000,0.0000,0
H1dh6Ax0Z,2018,5,0.5330,701,1245,0.1981,0.1478,0.1752,0.0503,0.0342,0.0208,0.0000,0.0000,0.0000,0
r1e13s05YX,2019,4,0.4103,733,1360,0.2073,0.1281,0.1359,0.0793,0.0286,0.0254,0.0000,0.0000,0.0000,0
SywXXwJAb,2018,5,0.5519,935,1232,0.2539,0.1476,0.1638,0.1063,0.0278,0.0184,0.0000,0.0000,0.0000,0
BywyFQlAW,2018,4,0.4625,914,1216,0.1470,0.1389,0.1592,0.0081,0.0153,0.0173,0.0000,0.0000,0.0000,0
H1e572A5tQ,2019,5,0.5877,687,856,0.2087,0.1326,0.1582,0.0761,0.0218,0.0230,0.0000,0.0000,0.0000,0
SyNvti09KQ,2019,4,0.4675,815,576,0.2030,0.1270,0.1495,0.0760,0.0307,0.0275,0.0000,0.0000,0.0000,0
SksY3deAW,2018,5,0.5210,258,663,0.1379,0.1334,0.1636,0.0045,0.0814,0.0605,0.0000,0.0000,0.0000,0
rkfOvGbCW,2018,4,0.4823,693,961,0.2016,0.1347,0.1674,0.0669,0.0491,0.0214,0.0000,0.0000,0.0000,0
BkVf1AeAZ,2018,5,0.5210,495,710,0.1889,0.1312,0.1739,0.0577,0.0586,0.0327,0.0000,0.0000,0.0000,0
HyeFAsRctQ,2019,4,0.4817,499,961,0.1883,0.1256,0.1631,0.0627,0.0501,0.0289,0.0000,0.0000,0.0000,0
rkxNh1Stvr,2020,5,0.5128,646,1150,0.2083,0.1306,0.1606,0.0777,0.0356,0.0266,0.0000,0.0000,0.0000,0
S1x2Fj0qKQ,2019,5,0.5000,705,858,0.2393,0.1413,0.1472,0.0981,0.0482,0.0352,0.0000,0.0000,0.0000,0
SyxZJn05YX,2019,5,0.5600,711,1944,0.1029,0.1257,0.1458,-0.0227,0.0295,0.0256,0.0000,0.0000,0.0000,0
Hki-ZlbA-,2018,5,0.5894,738,950,0.1951,0.1321,0.1844,0.0631,0.0298,0.0211,0.0000,0.0000,0.0000,0
rJgYxn09Fm,2019,5,0.5952,536,1058,0.1441,0.1263,0.1446,0.0179,0.0373,0.0243,0.0000,0.0000,0.0000,0
rJggX0EKwS,2020,5,0.5481,901,1508,0.1684,0.1446,0.1629,0.0238,0.0244,0.0191,0.0000,0.0000,0.0000,0
Sklr9i09KQ,2019,4,0.4310,591,798,0.1982,0.1429,0.1586,0.0553,0.0288,0.0267,0.0000,0.0000,0.0000,0
H1WgVz-AZ,2018,4,0.4890,530,1185,0.1732,0.1301,0.1477,0.0432,0.0604,0.0313,0.0000,0.0000,0.0000,0
rygrBhC5tQ,2019,5,0.5747,657,975,0.1984,0.1594,0.1855,0.0390,0.0304,0.0268,0.0000,0.0000,0.0000,0
r154_g-Rb,2018,5,0.5189,458,1036,0.2061,0.1563,0.1754,0.0498,0.0524,0.0297,0.0000,0.0000,0.0000,0
ry8dvM-R-,2018,5,0.5574,680,1275,0.1775,0.1409,0.1762,0.0365,0.0265,0.0209,0.0000,0.0000,0.0000,0
r1esnoAqt7,2019,5,0.5484,864,713,0.2533,0.1367,0.1608,0.1166,0.0347,0.0197,0.0000,0.0000,0.0000,0
rkg8FJBYDS,2020,5,0.5000,639,1506,0.2201,0.1746,0.2094,0.0455,0.0516,0.0275,0.0000,0.0000,0.0000,0
HJzLdjR9FX,2019,5,0.5651,715,1026,0.2075,0.1403,0.1710,0.0672,0.0392,0.0221,0.0000,0.0000,0.0000,0
BkUDW_lCb,2018,5,0.5205,543,1023,0.2857,0.1609,0.1839,0.1248,0.0571,0.0471,0.0000,0.0000,0.0000,0
r1CE9GWR-,2018,5,0.5740,578,1039,0.2481,0.1680,0.1883,0.0801,0.0519,0.0235,0.0000,0.0000,0.0000,0
BkxWJnC9tX,2019,5,0.5817,756,878,0.2060,0.1382,0.1654,0.0678,0.0317,0.0183,0.0000,0.0000,0.0000,0
ryUlhzWCZ,2018,5,0.5991,662,1029,0.2151,0.1256,0.1618,0.0895,0.0498,0.0366,0.0000,0.0000,0.0000,0
BydLzGb0Z,2018,5,0.5894,601,661,0.1895,0.1336,0.1657,0.0559,0.0266,0.0216,0.0000,0.0000,0.0000,0
rkg-mA4FDr,2020,5,0.5714,552,1347,0.1769,0.1379,0.1712,0.0390,0.0471,0.0254,0.0000,0.0000,0.0000,0
HJgOl3AqY7,2019,5,0.5299,789,1619,0.2353,0.1451,0.1728,0.0902,0.0507,0.0251,0.0000,0.0000,0.0000,0
S1VWjiRcKX,2019,5,0.5584,762,1127,0.1443,0.1620,0.1743,-0.0177,0.0551,0.0228,0.0000,0.0000,0.0000,0
HJnQJXbC-,2018,5,0.5099,688,947,0.1992,0.1328,0.1399,0.0664,0.0422,0.0198,0.0000,0.0000,0.0000,0
HJMCdsC5tX,2019,6,0.6897,797,451,0.1304,0.1391,0.1802,-0.0087,0.0276,0.0206,0.0000,0.0000,0.0000,0
SyrGJYlRZ,2018,6,0.6766,875,1087,0.1706,0.1374,0.1762,0.0332,0.0251,0.0158,0.0000,0.0000,0.0000,0
H1MW72AcK7,2019,6,0.6151,860,1340,0.1931,0.1595,0.2093,0.0336,0.0279,0.0205,0.0000,0.0000,0.0000,0
ryedqa4FwS,2020,6,0.6827,932,867,0.1686,0.1439,0.1735,0.0247,0.0225,0.0144,0.0000,0.0000,0.0000,0
H1rRWl-Cb,2018,5,0.5419,641,835,0.1858,0.1417,0.1714,0.0441,0.0343,0.0209,0.0000,0.0000,0.0000,0
SkF2D7g0b,2018,6,0.6854,710,1108,0.2246,0.1619,0.1797,0.0627,0.0437,0.0186,0.0000,0.0000,0.0000,0
rygixkHKDH,2020,5,0.5929,513,785,0.2123,0.1390,0.1784,0.0733,0.0741,0.0273,0.0000,0.0000,0.0000,0
SygwwGbRW,2018,6,0.6509,596,753,0.2273,0.1543,0.1660,0.0729,0.0319,0.0282,0.0000,0.0000,0.0000,0
H1kG7GZAW,2018,6,0.6266,598,631,0.2000,0.1574,0.2192,0.0426,0.0686,0.0385,0.0000,0.0000,0.0000,0
rklFh34Kwr,2020,6,0.6282,501,1409,0.1474,0.1354,0.1507,0.0120,0.0459,0.0415,0.0000,0.0000,0.0000,0
HyGySsAct7,2019,6,0.6040,738,571,0.1919,0.1471,0.1642,0.0448,0.0352,0.0230,0.0000,0.0000,0.0000,0
ByxGSsR9FQ,2019,6,0.6754,472,692,0.1754,0.1274,0.1429,0.0480,0.0508,0.0335,0.0000,0.0000,0.0000,0
HkfXMz-Ab,2018,6,0.6646,445,980,0.1511,0.1366,0.1545,0.0145,0.0427,0.0319,0.0000,0.0000,0.0000,0
BJk7Gf-CZ,2018,6,0.6479,424,641,0.3314,0.1437,0.2062,0.1877,0.1014,0.0283,0.0000,0.0000,0.0000,0
S1lqMn05Ym,2019,5,0.5584,470,938,0.1944,0.1497,0.1818,0.0448,0.0362,0.0315,0.0000,0.0000,0.0000,0
HJxB5sRcFQ,2019,6,0.6923,587,808,0.1951,0.1760,0.2009,0.0191,0.0528,0.0337,0.0000,0.0000,0.0000,0
B1CNpYg0-,2018,6,0.6849,280,671,0.1911,0.1262,0.1583,0.0649,0.0750,0.0429,0.0000,0.0000,0.0000,0
B1twdMCab,2018,6,0.6575,889,616,0.1727,0.1475,0.1534,0.0252,0.0315,0.0211,0.0000,0.0000,0.0000,0
rJlEojAqFm,2019,6,0.6364,561,968,0.2087,0.1690,0.1773,0.0396,0.0784,0.0267,0.0000,0.0000,0.0000,0
rkxVz1HKwB,2020,6,0.6827,728,850,0.2143,0.1408,0.1718,0.0735,0.0330,0.0198,0.0000,0.0000,0.0000,0
r1YqWz-R-,2018,6,0.6962,848,886,0.2724,0.1442,0.1673,0.1281,0.0448,0.0269,0.0000,0.0000,0.0000,0
HJeRkh05Km,2019,6,0.6721,765,731,0.2393,0.1402,0.1633,0.0991,0.0314,0.0290,0.0000,0.0000,0.0000,0
ByrZyglCb,2018,6,0.6004,600,837,0.2981,0.1594,0.1923,0.1387,0.0467,0.0250,0.0000,0.0000,0.0000,0
HymuJz-A-,2018,6,0.6000,614,884,0.1581,0.1240,0.1561,0.0341,0.0309,0.0205,0.0000,0.0000,0.0000,0
rkxusjRctQ,2019,6,0.6400,660,894,0.1417,0.1395,0.1641,0.0022,0.0379,0.0264,0.0000,0.0000,0.0000,0
rJljdh4KDH,2020,5,0.5929,571,1841,0.1140,0.1195,0.1341,-0.0055,0.0490,0.0242,0.0000,0.0000,0.0000,0
BkVsWbbAW,2018,7,0.7737,970,1145,0.2000,0.1275,0.1488,0.0725,0.0381,0.0134,0.0000,0.0000,0.0000,0
Skeke3C5Fm,2019,7,0.7256,676,776,0.2190,0.1354,0.1550,0.0837,0.0414,0.0257,0.0000,0.0000,0.0000,0
BkltNhC9FX,2019,6,0.6220,617,783,0.2100,0.1488,0.1772,0.0612,0.0454,0.0321,0.0000,0.0000,0.0000,0
S1lVniC5Y7,2019,6,0.6365,638,1163,0.1942,0.1471,0.1782,0.0472,0.0502,0.0251,0.0000,0.0000,0.0000,0
HkfPSh05K7,2019,6,0.6829,602,931,0.1925,0.1509,0.1728,0.0416,0.0382,0.0352,0.0000,0.0000,0.0000,0
ryykVe-0W,2018,6,0.6302,460,733,0.1749,0.1529,0.1848,0.0220,0.0348,0.0365,0.0000,0.0000,0.0000,0
rkxY-sl0W,2018,7,0.7031,785,1113,0.2315,0.1362,0.1498,0.0953,0.0395,0.0191,0.0000,0.0000,0.0000,0
ByghKiC5YX,2019,6,0.6365,766,611,0.2039,0.1260,0.1825,0.0779,0.0313,0.0201,0.0000,0.0000,0.0000,0
HkgHk3RctX,2019,7,0.7286,525,885,0.2373,0.1272,0.1556,0.1101,0.0533,0.0320,0.0000,0.0000,0.0000,0
rybAWfx0b,2018,6,0.6233,737,532,0.2029,0.1383,0.1573,0.0646,0.0407,0.0190,0.0000,0.0000,0.0000,0
H1-nGgWC-,2018,7,0.7252,611,696,0.2049,0.1614,0.2093,0.0435,0.0327,0.0285,0.0000,0.0000,0.0000,0
rJxAo2VYwr,2020,7,0.7051,737,738,0.2140,0.1592,0.1976,0.0548,0.0407,0.0255,0.0000,0.0000,0.0000,0
SJahqJZAW,2018,7,0.7215,492,925,0.2095,0.1560,0.1854,0.0536,0.0366,0.0390,0.0000,0.0000,0.0000,0
Hkbd5xZRb,2018,7,0.7737,652,1051,0.2140,0.1399,0.1560,0.0741,0.0307,0.0276,0.0000,0.0000,0.0000,0
ryH20GbRW,2018,7,0.7837,753,895,0.1984,0.1451,0.1767,0.0533,0.0332,0.0212,0.0000,0.0000,0.0000,0
BkloRs0qK7,2019,7,0.7960,451,630,0.2331,0.1582,0.1869,0.0750,0.0310,0.0421,0.0000,0.0000,0.0000,0
HJePno0cYm,2019,7,0.7500,514,977,0.1674,0.1116,0.1538,0.0557,0.0389,0.0327,0.0000,0.0000,0.0000,0
S1lhbnRqF7,2019,7,0.7256,521,832,0.2170,0.1472,0.1587,0.0697,0.0576,0.0238,0.0000,0.0000,0.0000,0
rkxt8oC9FQ,2019,7,0.7897,744,922,0.1687,0.1567,0.1827,0.0119,0.0215,0.0191,0.0000,0.0000,0.0000,0
SyzKd1bCW,2018,7,0.7384,675,680,0.1616,0.1171,0.1306,0.0445,0.0281,0.0216,0.0000,0.0000,0.0000,0
SJIA6ZWC-,2018,7,0.7152,606,498,0.2517,0.1514,0.1978,0.1002,0.0693,0.0257,0.0000,0.0000,0.0000,0
ryfz73C9KQ,2019,7,0.7403,696,1352,0.1645,0.1250,0.1406,0.0395,0.0359,0.0204,0.0000,0.0000,0.0000,0
rke8ZhCcFQ,2019,7,0.7960,511,933,0.2348,0.1680,0.2262,0.0668,0.0607,0.0419,0.0000,0.0000,0.0000,0
SJJySbbAZ,2018,7,0.7903,452,1197,0.1798,0.1433,0.1868,0.0365,0.0398,0.0327,0.0000,0.0000,0.0000,0
S1Y7OOlRZ,2018,7,0.7384,810,871,0.2043,0.1121,0.1288,0.0922,0.0296,0.0212,0.0000,0.0000,0.0000,0
BklKFo09YX,2019,7,0.7265,678,627,0.1895,0.1433,0.1797,0.0462,0.0221,0.0212,0.0000,0.0000,0.0000,0
ryesZANKPB,2020,7,0.7660,738,578,0.1837,0.1323,0.1556,0.0513,0.0352,0.0201,0.0000,0.0000,0.0000,0
rkenmREFDr,2020,7,0.7660,664,719,0.1379,0.1261,0.1584,0.0118,0.0316,0.0241,0.0000,0.0000,0.0000,0
SyfIfnC5Ym,2019,7,0.7937,712,1602,0.2343,0.1635,0.2288,0.0708,0.0730,0.0303,0.0000,0.0000,0.0000,0
H1ewdiR5tQ,2019,8,0.8381,414,503,0.2500,0.1257,0.1406,0.1243,0.0604,0.0338,0.0000,0.0000,0.0000,0
ryewE3R5YX,2019,7,0.7792,726,1492,0.1988,0.1327,0.1520,0.0661,0.0441,0.0190,0.0000,0.0000,0.0000,0
BJl6AjC5F7,2019,7,0.7587,553,480,0.1609,0.1542,0.1805,0.0067,0.0307,0.0271,0.0000,0.0000,0.0000,0
S1J2ZyZ0Z,2018,7,0.7333,774,735,0.1974,0.1644,0.2110,0.0330,0.0271,0.0238,0.0000,0.0000,0.0000,0
BJG0voC9YQ,2019,7,0.7013,813,1331,0.2073,0.1618,0.1851,0.0456,0.0517,0.0212,0.0000,0.0000,0.0000,0
B1gTShAct7,2019,8,0.8833,773,994,0.1953,0.1276,0.1589,0.0677,0.0259,0.0186,0.0000,0.0000,0.0000,0
HJGtFoC5Fm,2019,7,0.7667,534,966,0.2018,0.1484,0.1643,0.0534,0.0412,0.0262,0.0000,0.0000,0.0000,0
H1uR4GZRZ,2018,8,0.8433,683,972,0.1917,0.1208,0.1561,0.0708,0.0527,0.0208,0.0000,0.0000,0.0000,0
SJgw_sRqFQ,2019,8,0.8222,795,1067,0.1986,0.1596,0.1810,0.0390,0.0277,0.0204,0.0000,0.0000,0.0000,0
HyXBcYg0b,2018,8,0.8731,632,1262,0.1625,0.1527,0.1734,0.0098,0.0364,0.0304,0.0000,0.0000,0.0000,0
rygPm64tDH,2020,8,0.8718,601,841,0.1719,0.1486,0.1667,0.0233,0.0349,0.0263,0.0000,0.0000,0.0000,0
ByxPYjC5KQ,2019,8,0.8632,622,629,0.2458,0.1635,0.1810,0.0823,0.0386,0.0289,0.0000,0.0000,0.0000,0
HJxpDiC5tX,2019,8,0.8000,416,972,0.1739,0.1392,0.1565,0.0347,0.0337,0.0437,0.0000,0.0000,0.0000,0
rkeJRhNYDH,2020,8,0.8571,612,1239,0.1877,0.1408,0.1654,0.0469,0.0376,0.0324,0.0000,0.0000,0.0000,0
ByxkijC5FQ,2019,7,0.7000,565,632,0.2584,0.1657,0.2045,0.0927,0.0425,0.0283,0.0000,0.0000,0.0000,0
BkeU5j0ctQ,2019,8,0.8831,651,1129,0.2340,0.1357,0.1633,0.0983,0.0445,0.0252,0.0000,0.0000,0.0000,0
rkgd0iA9FQ,2019,8,0.8500,539,1513,0.1840,0.1340,0.1579,0.0500,0.1039,0.0260,0.0263,0.0000,0.0000,1
H1gKYo09tX,2019,8,0.8171,533,955,0.2128,0.1434,0.1803,0.0694,0.0525,0.0341,0.0000,0.0000,0.0000,0
B17JTOe0-,2018,8,0.8344,718,1055,0.2472,0.1130,0.1223,0.1342,0.0487,0.0209,0.0000,0.0000,0.0000,0
HyxPx3R9tm,2019,8,0.8833,767,1366,0.2389,0.1246,0.1409,0.1143,0.0561,0.0227,0.0000,0.0000,0.0000,0
r1eiqi09K7,2019,8,0.8722,525,919,0.1944,0.1514,0.1979,0.0430,0.0552,0.0274,0.0000,0.0000,0.0000,0
H1eRBoC9FX,2019,8,0.8052,573,1578,0.2078,0.1551,0.1850,0.0527,0.0489,0.0419,0.0000,0.0000,0.0000,0
H1gFuiA9KX,2019,6,0.6098,542,606,0.2156,0.1296,0.1659,0.0860,0.0535,0.0292,0.0000,0.0000,0.0000,0
Hyx4knR9Ym,2019,7,0.7127,897,1102,0.2000,0.1451,0.1685,0.0549,0.0301,0.0198,0.0000,0.0000,0.0000,0
SyX0IeWAW,2018,8,0.8208,358,841,0.1799,0.1406,0.1538,0.0393,0.0587,0.0391,0.0000,0.0000,0.0000,0
HylsgnCcFQ,2019,8,0.8135,853,804,0.3898,0.1341,0.1470,0.2558,0.0375,0.0152,0.0000,0.0000,0.0000,0
ryepFJbA-,2018,8,0.8609,672,701,0.1791,0.1336,0.1778,0.0455,0.0223,0.0185,0.0000,0.0000,0.0000,0
rkgbwsAcYm,2019,8,0.8611,716,909,0.2623,0.1406,0.1709,0.1217,0.0768,0.0201,0.0103,0.0000,0.0000,1
ryGvcoA5YX,2019,8,0.8421,728,728,0.2150,0.1228,0.1498,0.0921,0.0495,0.0192,0.0000,0.0000,0.0000,0
B1VZqjAcYX,2019,9,0.9778,678,1073,0.2412,0.1444,0.1553,0.0968,0.0339,0.0265,0.0000,0.0000,0.0000,0
SyhRVm-Rb,2018,8,0.8679,564,1258,0.2000,0.1544,0.1875,0.0456,0.0390,0.0443,0.0000,0.0000,0.0000,0
r17lFgZ0Z,2018,8,0.8493,667,1155,0.2049,0.1478,0.1638,0.0572,0.0540,0.0246,0.0000,0.0000,0.0000,0
rJx1Na4Fwr,2020,8,0.8814,200,804,0.1923,0.0996,0.1333,0.0927,0.1300,0.0730,0.0000,0.0000,0.0000,0
rk6qdGgCZ,2018,9,0.9868,490,953,0.2069,0.1508,0.1833,0.0560,0.0551,0.0269,0.0000,0.0000,0.0000,0
H113pWZRb,2018,8,0.8587,529,1357,0.1603,0.1411,0.1944,0.0192,0.1021,0.0336,0.0000,0.0000,0.0000,0
H1lJJnR5Ym,2019,9,0.9870,414,898,0.2772,0.1427,0.1569,0.1345,0.0749,0.0353,0.0000,0.0000,0.0000,0
S1XolQbRW,2018,8,0.8830,607,1291,0.1838,0.1256,0.1406,0.0582,0.0379,0.0231,0.0000,0.0000,0.0000,0
H1gR5iR5FX,2019,8,0.8902,633,925,0.1897,0.1315,0.1809,0.0581,0.0363,0.0234,0.0000,0.0000,0.0000,0
BJInEZsTb,2018,9,0.9304,811,916,0.1545,0.1287,0.1667,0.0258,0.0271,0.0281,0.0000,0.0000,0.0000,0
ryeYHi0ctQ,2019,9,0.9200,692,1050,0.2385,0.1269,0.1628,0.1115,0.0491,0.0257,0.0000,0.0000,0.0000,0
SkgzYiRqtX,2019,9,0.9390,690,828,0.1818,0.1304,0.1759,0.0514,0.0406,0.0232,0.0000,0.0000,0.0000,0
rylV-2C9KQ,2019,9,0.9238,729,1326,0.2462,0.1652,0.1923,0.0809,0.0398,0.0236,0.0000,0.0000,0.0000,0
BkewX2C9tX,2019,9,0.9841,772,1164,0.2168,0.1568,0.1925,0.0600,0.0285,0.0223,0.0000,0.0000,0.0000,0
S1Auv-WRZ,2018,9,0.9620,819,1369,0.1341,0.1502,0.1983,-0.0160,0.0598,0.0278,0.0000,0.0000,0.0000,0
SyVuRiC5K7,2019,9,0.9889,624,977,0.2750,0.1268,0.1429,0.1482,0.0641,0.0288,0.0000,0.0000,0.0000,0
rJ4km2R5t7,2019,9,1.0000,506,771,0.2727,0.1243,0.1468,0.1485,0.1877,0.0411,0.0676,0.0000,0.0000,1
r1gR2sC9FX,2019,9,0.9413,700,890,0.1638,0.1381,0.1687,0.0257,0.0371,0.0217,0.0000,0.0000,0.0000,0
HylVB3AqYm,2019,9,0.9722,910,1589,0.1955,0.1636,0.2115,0.0319,0.0242,0.0198,0.0000,0.0000,0.0000,0
rkgNKkHtvB,2020,9,0.9808,642,605,0.3878,0.1334,0.1667,0.2543,0.0498,0.0252,0.0667,0.0000,0.0000,1
ryQu7f-RZ,2018,9,0.9934,377,785,0.1818,0.1327,0.1846,0.0491,0.0477,0.0350,0.0000,0.0000,0.0000,0
Bygh9j09KX,2019,9,0.9937,595,1115,0.1742,0.1314,0.1522,0.0428,0.0303,0.0215,0.0000,0.0000,0.0000,0
BJGVX3CqYm,2019,9,0.9579,870,722,0.2251,0.1232,0.1493,0.1019,0.0506,0.0186,0.0000,0.0000,0.0000,0
SJn0sLgRb,2018,9,0.9040,700,1220,0.1867,0.1730,0.1860,0.0136,0.0586,0.0329,0.0000,0.0000,0.0000,0
BkgBvsC9FQ,2019,9,0.9024,731,1033,0.2646,0.1534,0.1791,0.1112,0.0561,0.0295,0.0000,0.0000,0.0000,0
B1lKS2AqtX,2019,9,0.9573,951,1090,0.1429,0.1233,0.1343,0.0195,0.0200,0.0179,0.0000,0.0000,0.0000,0
rkxacs0qY7,2019,9,0.9048,570,790,0.1762,0.1244,0.1346,0.0518,0.0421,0.0253,0.0000,0.0000,0.0000,0
SkBYYyZRZ,2018,9,0.9735,531,1101,0.2109,0.1526,0.1590,0.0583,0.0452,0.0313,0.0000,0.0000,0.0000,0
Syg-YfWCW,2018,9,0.9528,749,1117,0.1667,0.1485,0.1687,0.0181,0.0320,0.0264,0.0000,0.0000,0.0000,0
HyxAfnA5tm,2019,8,0.8734,644,1306,0.2273,0.1607,0.1867,0.0666,0.1040,0.0286,0.0288,0.0000,0.0000,1
r1laEnA5Ym,2019,9,0.9071,823,697,0.2034,0.1622,0.1914,0.0412,0.0292,0.0248,0.0000,0.0000,0.0000,0
r1lYRjC9F7,2019,9,0.9402,679,870,0.1765,0.1303,0.1527,0.0462,0.0295,0.0247,0.0000,0.0000,0.0000,0
BygfghAcYX,2019,9,0.9397,410,522,0.2128,0.1464,0.1675,0.0664,0.0512,0.0420,0.0000,0.0000,0.0000,0
SJ71VXZAZ,2018,9,0.9178,738,789,0.1905,0.1386,0.1520,0.0519,0.0230,0.0222,0.0000,0.0000,0.0000,0
rkl03ySYDH,2020,9,0.9286,815,1122,0.1915,0.1401,0.1765,0.0514,0.0663,0.0248,0.0000,0.0000,0.0000,0
ryxMX2R9YQ,2019,2,0.2873,791,741,0.2192,0.1359,0.1613,0.0833,0.0493,0.0207,0.0000,0.0000,0.0000,0
rkTS8lZAb,2018,2,0.2089,530,924,0.1935,0.1571,0.1790,0.0364,0.0415,0.0351,0.0000,0.0000,0.0000,0
Hk41X2AqtQ,2019,2,0.2222,812,915,0.2039,0.1547,0.1648,0.0492,0.0653,0.0219,0.0000,0.0000,0.0000,0
ryen_CEFwr,2020,3,0.3333,679,1096,0.1955,0.1624,0.2072,0.0331,0.0339,0.0242,0.0000,0.0000,0.0000,0
HJGven05Y7,2019,8,0.8500,684,801,0.2060,0.1600,0.1692,0.0460,0.0351,0.0228,0.0000,0.0000,0.0000,0
HJWGdbbCW,2018,9,0.9151,416,609,0.1772,0.1316,0.1469,0.0456,0.0577,0.0567,0.0000,0.0000,0.0000,0
